survived,pclass,age,sibsp,parch,fare,class,who,adult_male,deck,embark_town,alive,alone,sex,sex_female,sex_male,embarked,embarked_C,embarked_Q,embarked_S
0,3,22,1,0,7.25,Third,man,TRUE,,Southampton,no,FALSE,male,0,1,S,0,0,1
1,1,38,1,0,71.2833,First,woman,FALSE,C,Cherbourg,yes,FALSE,female,1,0,C,1,0,0
1,3,26,0,0,7.925,Third,woman,FALSE,,Southampton,yes,TRUE,female,1,0,S,0,0,1
1,1,35,1,0,53.1,First,woman,FALSE,C,Southampton,yes,FALSE,female,1,0,S,0,0,1
0,3,35,0,0,8.05,Third,man,TRUE,,Southampton,no,TRUE,male,0,1,S,0,0,1
0,3,,0,0,8.4583,Third,man,TRUE,,Queenstown,no,TRUE,male,0,1,Q,0,1,0
0,1,54,0,0,51.8625,First,man,TRUE,E,Southampton,no,TRUE,male,0,1,S,0,0,1
0,3,2,3,1,21.075,Third,child,FALSE,,Southampton,no,FALSE,male,0,1,S,0,0,1
1,3,27,0,2,11.1333,Third,woman,FALSE,,Southampton,yes,FALSE,female,1,0,S,0,0,1
1,2,14,1,0,30.0708,Second,child,FALSE,,Cherbourg,yes,FALSE,female,1,0,C,1,0,0
1,3,4,1,1,16.7,Third,child,FALSE,G,Southampton,yes,FALSE,female,1,0,S,0,0,1
1,1,58,0,0,26.55,First,woman,FALSE,C,Southampton,yes,TRUE,female,1,0,S,0,0,1
0,3,20,0,0,8.05,Third,man,TRUE,,Southampton,no,TRUE,male,0,1,S,0,0,1
0,3,39,1,5,31.275,Third,man,TRUE,,Southampton,no,FALSE,male,0,1,S,0,0,1
0,3,14,0,0,7.8542,Third,child,FALSE,,Southampton,no,TRUE,female,1,0,S,0,0,1
1,2,55,0,0,16,Second,woman,FALSE,,Southampton,yes,TRUE,female,1,0,S,0,0,1
0,3,2,4,1,29.125,Third,child,FALSE,,Queenstown,no,FALSE,male,0,1,Q,0,1,0
1,2,,0,0,13,Second,man,TRUE,,Southampton,yes,TRUE,male,0,1,S,0,0,1
0,3,31,1,0,18,Third,woman,FALSE,,Southampton,no,FALSE,female,1,0,S,0,0,1
1,3,,0,0,7.225,Third,woman,FALSE,,Cherbourg,yes,TRUE,female,1,0,C,1,0,0
0,2,35,0,0,26,Second,man,TRUE,,Southampton,no,TRUE,male,0,1,S,0,0,1
1,2,34,0,0,13,Second,man,TRUE,D,Southampton,yes,TRUE,male,0,1,S,0,0,1
1,3,15,0,0,8.0292,Third,child,FALSE,,Queenstown,yes,TRUE,female,1,0,Q,0,1,0
1,1,28,0,0,35.5,First,man,TRUE,A,Southampton,yes,TRUE,male,0,1,S,0,0,1
0,3,8,3,1,21.075,Third,child,FALSE,,Southampton,no,FALSE,female,1,0,S,0,0,1
1,3,38,1,5,31.3875,Third,woman,FALSE,,Southampton,yes,FALSE,female,1,0,S,0,0,1
0,3,,0,0,7.225,Third,man,TRUE,,Cherbourg,no,TRUE,male,0,1,C,1,0,0
0,1,19,3,2,263,First,man,TRUE,C,Southampton,no,FALSE,male,0,1,S,0,0,1
1,3,,0,0,7.8792,Third,woman,FALSE,,Queenstown,yes,TRUE,female,1,0,Q,0,1,0
0,3,,0,0,7.8958,Third,man,TRUE,,Southampton,no,TRUE,male,0,1,S,0,0,1
0,1,40,0,0,27.7208,First,man,TRUE,,Cherbourg,no,TRUE,male,0,1,C,1,0,0
1,1,,1,0,146.5208,First,woman,FALSE,B,Cherbourg,yes,FALSE,female,1,0,C,1,0,0
1,3,,0,0,7.75,Third,woman,FALSE,,Queenstown,yes,TRUE,female,1,0,Q,0,1,0
0,2,66,0,0,10.5,Second,man,TRUE,,Southampton,no,TRUE,male,0,1,S,0,0,1
0,1,28,1,0,82.1708,First,man,TRUE,,Cherbourg,no,FALSE,male,0,1,C,1,0,0
0,1,42,1,0,52,First,man,TRUE,,Southampton,no,FALSE,male,0,1,S,0,0,1
1,3,,0,0,7.2292,Third,man,TRUE,,Cherbourg,yes,TRUE,male,0,1,C,1,0,0
0,3,21,0,0,8.05,Third,man,TRUE,,Southampton,no,TRUE,male,0,1,S,0,0,1
0,3,18,2,0,18,Third,woman,FALSE,,Southampton,no,FALSE,female,1,0,S,0,0,1
1,3,14,1,0,11.2417,Third,child,FALSE,,Cherbourg,yes,FALSE,female,1,0,C,1,0,0
0,3,40,1,0,9.475,Third,woman,FALSE,,Southampton,no,FALSE,female,1,0,S,0,0,1
0,2,27,1,0,21,Second,woman,FALSE,,Southampton,no,FALSE,female,1,0,S,0,0,1
0,3,,0,0,7.8958,Third,man,TRUE,,Cherbourg,no,TRUE,male,0,1,C,1,0,0
1,2,3,1,2,41.5792,Second,child,FALSE,,Cherbourg,yes,FALSE,female,1,0,C,1,0,0
1,3,19,0,0,7.8792,Third,woman,FALSE,,Queenstown,yes,TRUE,female,1,0,Q,0,1,0
0,3,,0,0,8.05,Third,man,TRUE,,Southampton,no,TRUE,male,0,1,S,0,0,1
0,3,,1,0,15.5,Third,man,TRUE,,Queenstown,no,FALSE,male,0,1,Q,0,1,0
1,3,,0,0,7.75,Third,woman,FALSE,,Queenstown,yes,TRUE,female,1,0,Q,0,1,0
0,3,,2,0,21.6792,Third,man,TRUE,,Cherbourg,no,FALSE,male,0,1,C,1,0,0
0,3,18,1,0,17.8,Third,woman,FALSE,,Southampton,no,FALSE,female,1,0,S,0,0,1
0,3,7,4,1,39.6875,Third,child,FALSE,,Southampton,no,FALSE,male,0,1,S,0,0,1
0,3,21,0,0,7.8,Third,man,TRUE,,Southampton,no,TRUE,male,0,1,S,0,0,1
1,1,49,1,0,76.7292,First,woman,FALSE,D,Cherbourg,yes,FALSE,female,1,0,C,1,0,0
1,2,29,1,0,26,Second,woman,FALSE,,Southampton,yes,FALSE,female,1,0,S,0,0,1
0,1,65,0,1,61.9792,First,man,TRUE,B,Cherbourg,no,FALSE,male,0,1,C,1,0,0
1,1,,0,0,35.5,First,man,TRUE,C,Southampton,yes,TRUE,male,0,1,S,0,0,1
1,2,21,0,0,10.5,Second,woman,FALSE,,Southampton,yes,TRUE,female,1,0,S,0,0,1
0,3,28.5,0,0,7.2292,Third,man,TRUE,,Cherbourg,no,TRUE,male,0,1,C,1,0,0
1,2,5,1,2,27.75,Second,child,FALSE,,Southampton,yes,FALSE,female,1,0,S,0,0,1
0,3,11,5,2,46.9,Third,child,FALSE,,Southampton,no,FALSE,male,0,1,S,0,0,1
0,3,22,0,0,7.2292,Third,man,TRUE,,Cherbourg,no,TRUE,male,0,1,C,1,0,0
1,1,38,0,0,80,First,woman,FALSE,B,,yes,TRUE,female,1,0,S,0,0,1
0,1,45,1,0,83.475,First,man,TRUE,C,Southampton,no,FALSE,male,0,1,S,0,0,1
0,3,4,3,2,27.9,Third,child,FALSE,,Southampton,no,FALSE,male,0,1,S,0,0,1
0,1,,0,0,27.7208,First,man,TRUE,,Cherbourg,no,TRUE,male,0,1,C,1,0,0
1,3,,1,1,15.2458,Third,man,TRUE,,Cherbourg,yes,FALSE,male,0,1,C,1,0,0
1,2,29,0,0,10.5,Second,woman,FALSE,F,Southampton,yes,TRUE,female,1,0,S,0,0,1
0,3,19,0,0,8.1583,Third,man,TRUE,,Southampton,no,TRUE,male,0,1,S,0,0,1
1,3,17,4,2,7.925,Third,woman,FALSE,,Southampton,yes,FALSE,female,1,0,S,0,0,1
0,3,26,2,0,8.6625,Third,man,TRUE,,Southampton,no,FALSE,male,0,1,S,0,0,1
0,2,32,0,0,10.5,Second,man,TRUE,,Southampton,no,TRUE,male,0,1,S,0,0,1
0,3,16,5,2,46.9,Third,woman,FALSE,,Southampton,no,FALSE,female,1,0,S,0,0,1
0,2,21,0,0,73.5,Second,man,TRUE,,Southampton,no,TRUE,male,0,1,S,0,0,1
0,3,26,1,0,14.4542,Third,man,TRUE,,Cherbourg,no,FALSE,male,0,1,C,1,0,0
1,3,32,0,0,56.4958,Third,man,TRUE,,Southampton,yes,TRUE,male,0,1,S,0,0,1
0,3,25,0,0,7.65,Third,man,TRUE,F,Southampton,no,TRUE,male,0,1,S,0,0,1
0,3,,0,0,7.8958,Third,man,TRUE,,Southampton,no,TRUE,male,0,1,S,0,0,1
0,3,,0,0,8.05,Third,man,TRUE,,Southampton,no,TRUE,male,0,1,S,0,0,1
1,2,0.83,0,2,29,Second,child,FALSE,,Southampton,yes,FALSE,male,0,1,S,0,0,1
1,3,30,0,0,12.475,Third,woman,FALSE,,Southampton,yes,TRUE,female,1,0,S,0,0,1
0,3,22,0,0,9,Third,man,TRUE,,Southampton,no,TRUE,male,0,1,S,0,0,1
1,3,29,0,0,9.5,Third,man,TRUE,,Southampton,yes,TRUE,male,0,1,S,0,0,1
1,3,,0,0,7.7875,Third,woman,FALSE,,Queenstown,yes,TRUE,female,1,0,Q,0,1,0
0,1,28,0,0,47.1,First,man,TRUE,,Southampton,no,TRUE,male,0,1,S,0,0,1
1,2,17,0,0,10.5,Second,woman,FALSE,,Southampton,yes,TRUE,female,1,0,S,0,0,1
1,3,33,3,0,15.85,Third,woman,FALSE,,Southampton,yes,FALSE,female,1,0,S,0,0,1
0,3,16,1,3,34.375,Third,man,TRUE,,Southampton,no,FALSE,male,0,1,S,0,0,1
0,3,,0,0,8.05,Third,man,TRUE,,Southampton,no,TRUE,male,0,1,S,0,0,1
1,1,23,3,2,263,First,woman,FALSE,C,Southampton,yes,FALSE,female,1,0,S,0,0,1
0,3,24,0,0,8.05,Third,man,TRUE,,Southampton,no,TRUE,male,0,1,S,0,0,1
0,3,29,0,0,8.05,Third,man,TRUE,,Southampton,no,TRUE,male,0,1,S,0,0,1
0,3,20,0,0,7.8542,Third,man,TRUE,,Southampton,no,TRUE,male,0,1,S,0,0,1
0,1,46,1,0,61.175,First,man,TRUE,E,Southampton,no,FALSE,male,0,1,S,0,0,1
0,3,26,1,2,20.575,Third,man,TRUE,,Southampton,no,FALSE,male,0,1,S,0,0,1
0,3,59,0,0,7.25,Third,man,TRUE,,Southampton,no,TRUE,male,0,1,S,0,0,1
0,3,,0,0,8.05,Third,man,TRUE,,Southampton,no,TRUE,male,0,1,S,0,0,1
0,1,71,0,0,34.6542,First,man,TRUE,A,Cherbourg,no,TRUE,male,0,1,C,1,0,0
1,1,23,0,1,63.3583,First,man,TRUE,D,Cherbourg,yes,FALSE,male,0,1,C,1,0,0
1,2,34,0,1,23,Second,woman,FALSE,,Southampton,yes,FALSE,female,1,0,S,0,0,1
0,2,34,1,0,26,Second,man,TRUE,,Southampton,no,FALSE,male,0,1,S,0,0,1
0,3,28,0,0,7.8958,Third,woman,FALSE,,Southampton,no,TRUE,female,1,0,S,0,0,1
0,3,,0,0,7.8958,Third,man,TRUE,,Southampton,no,TRUE,male,0,1,S,0,0,1
0,1,21,0,1,77.2875,First,man,TRUE,D,Southampton,no,FALSE,male,0,1,S,0,0,1
0,3,33,0,0,8.6542,Third,man,TRUE,,Southampton,no,TRUE,male,0,1,S,0,0,1
0,3,37,2,0,7.925,Third,man,TRUE,,Southampton,no,FALSE,male,0,1,S,0,0,1
0,3,28,0,0,7.8958,Third,man,TRUE,,Southampton,no,TRUE,male,0,1,S,0,0,1
1,3,21,0,0,7.65,Third,woman,FALSE,,Southampton,yes,TRUE,female,1,0,S,0,0,1
1,3,,0,0,7.775,Third,man,TRUE,,Southampton,yes,TRUE,male,0,1,S,0,0,1
0,3,38,0,0,7.8958,Third,man,TRUE,,Southampton,no,TRUE,male,0,1,S,0,0,1
1,3,,1,0,24.15,Third,woman,FALSE,,Queenstown,yes,FALSE,female,1,0,Q,0,1,0
0,1,47,0,0,52,First,man,TRUE,C,Southampton,no,TRUE,male,0,1,S,0,0,1
0,3,14.5,1,0,14.4542,Third,child,FALSE,,Cherbourg,no,FALSE,female,1,0,C,1,0,0
0,3,22,0,0,8.05,Third,man,TRUE,,Southampton,no,TRUE,male,0,1,S,0,0,1
0,3,20,1,0,9.825,Third,woman,FALSE,,Southampton,no,FALSE,female,1,0,S,0,0,1
0,3,17,0,0,14.4583,Third,woman,FALSE,,Cherbourg,no,TRUE,female,1,0,C,1,0,0
0,3,21,0,0,7.925,Third,man,TRUE,,Southampton,no,TRUE,male,0,1,S,0,0,1
0,3,70.5,0,0,7.75,Third,man,TRUE,,Queenstown,no,TRUE,male,0,1,Q,0,1,0
0,2,29,1,0,21,Second,man,TRUE,,Southampton,no,FALSE,male,0,1,S,0,0,1
0,1,24,0,1,247.5208,First,man,TRUE,B,Cherbourg,no,FALSE,male,0,1,C,1,0,0
0,3,2,4,2,31.275,Third,child,FALSE,,Southampton,no,FALSE,female,1,0,S,0,0,1
0,2,21,2,0,73.5,Second,man,TRUE,,Southampton,no,FALSE,male,0,1,S,0,0,1
0,3,,0,0,8.05,Third,man,TRUE,,Southampton,no,TRUE,male,0,1,S,0,0,1
0,2,32.5,1,0,30.0708,Second,man,TRUE,,Cherbourg,no,FALSE,male,0,1,C,1,0,0
1,2,32.5,0,0,13,Second,woman,FALSE,E,Southampton,yes,TRUE,female,1,0,S,0,0,1
0,1,54,0,1,77.2875,First,man,TRUE,D,Southampton,no,FALSE,male,0,1,S,0,0,1
1,3,12,1,0,11.2417,Third,child,FALSE,,Cherbourg,yes,FALSE,male,0,1,C,1,0,0
0,3,,0,0,7.75,Third,man,TRUE,,Queenstown,no,TRUE,male,0,1,Q,0,1,0
1,3,24,0,0,7.1417,Third,man,TRUE,,Southampton,yes,TRUE,male,0,1,S,0,0,1
1,3,,1,1,22.3583,Third,woman,FALSE,F,Cherbourg,yes,FALSE,female,1,0,C,1,0,0
0,3,45,0,0,6.975,Third,man,TRUE,,Southampton,no,TRUE,male,0,1,S,0,0,1
0,3,33,0,0,7.8958,Third,man,TRUE,,Cherbourg,no,TRUE,male,0,1,C,1,0,0
0,3,20,0,0,7.05,Third,man,TRUE,,Southampton,no,TRUE,male,0,1,S,0,0,1
0,3,47,1,0,14.5,Third,woman,FALSE,,Southampton,no,FALSE,female,1,0,S,0,0,1
1,2,29,1,0,26,Second,woman,FALSE,,Southampton,yes,FALSE,female,1,0,S,0,0,1
0,2,25,0,0,13,Second,man,TRUE,,Southampton,no,TRUE,male,0,1,S,0,0,1
0,2,23,0,0,15.0458,Second,man,TRUE,,Cherbourg,no,TRUE,male,0,1,C,1,0,0
1,1,19,0,2,26.2833,First,woman,FALSE,D,Southampton,yes,FALSE,female,1,0,S,0,0,1
0,1,37,1,0,53.1,First,man,TRUE,C,Southampton,no,FALSE,male,0,1,S,0,0,1
0,3,16,0,0,9.2167,Third,man,TRUE,,Southampton,no,TRUE,male,0,1,S,0,0,1
0,1,24,0,0,79.2,First,man,TRUE,B,Cherbourg,no,TRUE,male,0,1,C,1,0,0
0,3,,0,2,15.2458,Third,woman,FALSE,,Cherbourg,no,FALSE,female,1,0,C,1,0,0
1,3,22,0,0,7.75,Third,woman,FALSE,,Southampton,yes,TRUE,female,1,0,S,0,0,1
1,3,24,1,0,15.85,Third,woman,FALSE,,Southampton,yes,FALSE,female,1,0,S,0,0,1
0,3,19,0,0,6.75,Third,man,TRUE,,Queenstown,no,TRUE,male,0,1,Q,0,1,0
0,2,18,0,0,11.5,Second,man,TRUE,,Southampton,no,TRUE,male,0,1,S,0,0,1
0,2,19,1,1,36.75,Second,man,TRUE,,Southampton,no,FALSE,male,0,1,S,0,0,1
1,3,27,0,0,7.7958,Third,man,TRUE,,Southampton,yes,TRUE,male,0,1,S,0,0,1
0,3,9,2,2,34.375,Third,child,FALSE,,Southampton,no,FALSE,female,1,0,S,0,0,1
0,2,36.5,0,2,26,Second,man,TRUE,F,Southampton,no,FALSE,male,0,1,S,0,0,1
0,2,42,0,0,13,Second,man,TRUE,,Southampton,no,TRUE,male,0,1,S,0,0,1
0,2,51,0,0,12.525,Second,man,TRUE,,Southampton,no,TRUE,male,0,1,S,0,0,1
1,1,22,1,0,66.6,First,woman,FALSE,C,Southampton,yes,FALSE,female,1,0,S,0,0,1
0,3,55.5,0,0,8.05,Third,man,TRUE,,Southampton,no,TRUE,male,0,1,S,0,0,1
0,3,40.5,0,2,14.5,Third,man,TRUE,,Southampton,no,FALSE,male,0,1,S,0,0,1
0,3,,0,0,7.3125,Third,man,TRUE,,Southampton,no,TRUE,male,0,1,S,0,0,1
0,1,51,0,1,61.3792,First,man,TRUE,,Cherbourg,no,FALSE,male,0,1,C,1,0,0
1,3,16,0,0,7.7333,Third,woman,FALSE,,Queenstown,yes,TRUE,female,1,0,Q,0,1,0
0,3,30,0,0,8.05,Third,man,TRUE,,Southampton,no,TRUE,male,0,1,S,0,0,1
0,3,,0,0,8.6625,Third,man,TRUE,,Southampton,no,TRUE,male,0,1,S,0,0,1
0,3,,8,2,69.55,Third,man,TRUE,,Southampton,no,FALSE,male,0,1,S,0,0,1
0,3,44,0,1,16.1,Third,man,TRUE,,Southampton,no,FALSE,male,0,1,S,0,0,1
1,2,40,0,0,15.75,Second,woman,FALSE,,Southampton,yes,TRUE,female,1,0,S,0,0,1
0,3,26,0,0,7.775,Third,man,TRUE,,Southampton,no,TRUE,male,0,1,S,0,0,1
0,3,17,0,0,8.6625,Third,man,TRUE,,Southampton,no,TRUE,male,0,1,S,0,0,1
0,3,1,4,1,39.6875,Third,child,FALSE,,Southampton,no,FALSE,male,0,1,S,0,0,1
1,3,9,0,2,20.525,Third,child,FALSE,,Southampton,yes,FALSE,male,0,1,S,0,0,1
1,1,,0,1,55,First,woman,FALSE,E,Southampton,yes,FALSE,female,1,0,S,0,0,1
0,3,45,1,4,27.9,Third,woman,FALSE,,Southampton,no,FALSE,female,1,0,S,0,0,1
0,1,,0,0,25.925,First,man,TRUE,,Southampton,no,TRUE,male,0,1,S,0,0,1
0,3,28,0,0,56.4958,Third,man,TRUE,,Southampton,no,TRUE,male,0,1,S,0,0,1
0,1,61,0,0,33.5,First,man,TRUE,B,Southampton,no,TRUE,male,0,1,S,0,0,1
0,3,4,4,1,29.125,Third,child,FALSE,,Queenstown,no,FALSE,male,0,1,Q,0,1,0
1,3,1,1,1,11.1333,Third,child,FALSE,,Southampton,yes,FALSE,female,1,0,S,0,0,1
0,3,21,0,0,7.925,Third,man,TRUE,,Southampton,no,TRUE,male,0,1,S,0,0,1
0,1,56,0,0,30.6958,First,man,TRUE,A,Cherbourg,no,TRUE,male,0,1,C,1,0,0
0,3,18,1,1,7.8542,Third,man,TRUE,,Southampton,no,FALSE,male,0,1,S,0,0,1
0,3,,3,1,25.4667,Third,man,TRUE,,Southampton,no,FALSE,male,0,1,S,0,0,1
0,1,50,0,0,28.7125,First,woman,FALSE,C,Cherbourg,no,TRUE,female,1,0,C,1,0,0
0,2,30,0,0,13,Second,man,TRUE,,Southampton,no,TRUE,male,0,1,S,0,0,1
0,3,36,0,0,0,Third,man,TRUE,,Southampton,no,TRUE,male,0,1,S,0,0,1
0,3,,8,2,69.55,Third,woman,FALSE,,Southampton,no,FALSE,female,1,0,S,0,0,1
0,2,,0,0,15.05,Second,man,TRUE,,Cherbourg,no,TRUE,male,0,1,C,1,0,0
0,3,9,4,2,31.3875,Third,child,FALSE,,Southampton,no,FALSE,male,0,1,S,0,0,1
1,2,1,2,1,39,Second,child,FALSE,F,Southampton,yes,FALSE,male,0,1,S,0,0,1
1,3,4,0,2,22.025,Third,child,FALSE,,Southampton,yes,FALSE,female,1,0,S,0,0,1
0,1,,0,0,50,First,man,TRUE,A,Southampton,no,TRUE,male,0,1,S,0,0,1
1,3,,1,0,15.5,Third,woman,FALSE,,Queenstown,yes,FALSE,female,1,0,Q,0,1,0
1,1,45,0,0,26.55,First,man,TRUE,,Southampton,yes,TRUE,male,0,1,S,0,0,1
0,3,40,1,1,15.5,Third,man,TRUE,,Queenstown,no,FALSE,male,0,1,Q,0,1,0
0,3,36,0,0,7.8958,Third,man,TRUE,,Southampton,no,TRUE,male,0,1,S,0,0,1
1,2,32,0,0,13,Second,woman,FALSE,,Southampton,yes,TRUE,female,1,0,S,0,0,1
0,2,19,0,0,13,Second,man,TRUE,,Southampton,no,TRUE,male,0,1,S,0,0,1
1,3,19,1,0,7.8542,Third,woman,FALSE,,Southampton,yes,FALSE,female,1,0,S,0,0,1
1,2,3,1,1,26,Second,child,FALSE,F,Southampton,yes,FALSE,male,0,1,S,0,0,1
1,1,44,0,0,27.7208,First,woman,FALSE,B,Cherbourg,yes,TRUE,female,1,0,C,1,0,0
1,1,58,0,0,146.5208,First,woman,FALSE,B,Cherbourg,yes,TRUE,female,1,0,C,1,0,0
0,3,,0,0,7.75,Third,man,TRUE,,Queenstown,no,TRUE,male,0,1,Q,0,1,0
0,3,42,0,1,8.4042,Third,man,TRUE,,Southampton,no,FALSE,male,0,1,S,0,0,1
1,3,,0,0,7.75,Third,woman,FALSE,,Queenstown,yes,TRUE,female,1,0,Q,0,1,0
0,2,24,0,0,13,Second,woman,FALSE,,Southampton,no,TRUE,female,1,0,S,0,0,1
0,3,28,0,0,9.5,Third,man,TRUE,,Southampton,no,TRUE,male,0,1,S,0,0,1
0,3,,8,2,69.55,Third,man,TRUE,,Southampton,no,FALSE,male,0,1,S,0,0,1
0,3,34,0,0,6.4958,Third,man,TRUE,,Southampton,no,TRUE,male,0,1,S,0,0,1
0,3,45.5,0,0,7.225,Third,man,TRUE,,Cherbourg,no,TRUE,male,0,1,C,1,0,0
1,3,18,0,0,8.05,Third,man,TRUE,,Southampton,yes,TRUE,male,0,1,S,0,0,1
0,3,2,0,1,10.4625,Third,child,FALSE,G,Southampton,no,FALSE,female,1,0,S,0,0,1
0,3,32,1,0,15.85,Third,man,TRUE,,Southampton,no,FALSE,male,0,1,S,0,0,1
1,3,26,0,0,18.7875,Third,man,TRUE,,Cherbourg,yes,TRUE,male,0,1,C,1,0,0
1,3,16,0,0,7.75,Third,woman,FALSE,,Queenstown,yes,TRUE,female,1,0,Q,0,1,0
1,1,40,0,0,31,First,man,TRUE,A,Cherbourg,yes,TRUE,male,0,1,C,1,0,0
0,3,24,0,0,7.05,Third,man,TRUE,,Southampton,no,TRUE,male,0,1,S,0,0,1
1,2,35,0,0,21,Second,woman,FALSE,,Southampton,yes,TRUE,female,1,0,S,0,0,1
0,3,22,0,0,7.25,Third,man,TRUE,,Southampton,no,TRUE,male,0,1,S,0,0,1
0,2,30,0,0,13,Second,man,TRUE,,Southampton,no,TRUE,male,0,1,S,0,0,1
0,3,,1,0,7.75,Third,man,TRUE,,Queenstown,no,FALSE,male,0,1,Q,0,1,0
1,1,31,1,0,113.275,First,woman,FALSE,D,Cherbourg,yes,FALSE,female,1,0,C,1,0,0
1,3,27,0,0,7.925,Third,woman,FALSE,,Southampton,yes,TRUE,female,1,0,S,0,0,1
0,2,42,1,0,27,Second,man,TRUE,,Southampton,no,FALSE,male,0,1,S,0,0,1
1,1,32,0,0,76.2917,First,woman,FALSE,D,Cherbourg,yes,TRUE,female,1,0,C,1,0,0
0,2,30,0,0,10.5,Second,man,TRUE,,Southampton,no,TRUE,male,0,1,S,0,0,1
1,3,16,0,0,8.05,Third,man,TRUE,,Southampton,yes,TRUE,male,0,1,S,0,0,1
0,2,27,0,0,13,Second,man,TRUE,,Southampton,no,TRUE,male,0,1,S,0,0,1
0,3,51,0,0,8.05,Third,man,TRUE,,Southampton,no,TRUE,male,0,1,S,0,0,1
0,3,,0,0,7.8958,Third,man,TRUE,,Southampton,no,TRUE,male,0,1,S,0,0,1
1,1,38,1,0,90,First,man,TRUE,C,Southampton,yes,FALSE,male,0,1,S,0,0,1
0,3,22,0,0,9.35,Third,man,TRUE,,Southampton,no,TRUE,male,0,1,S,0,0,1
1,2,19,0,0,10.5,Second,man,TRUE,,Southampton,yes,TRUE,male,0,1,S,0,0,1
0,3,20.5,0,0,7.25,Third,man,TRUE,,Southampton,no,TRUE,male,0,1,S,0,0,1
0,2,18,0,0,13,Second,man,TRUE,,Southampton,no,TRUE,male,0,1,S,0,0,1
0,3,,3,1,25.4667,Third,woman,FALSE,,Southampton,no,FALSE,female,1,0,S,0,0,1
1,1,35,1,0,83.475,First,woman,FALSE,C,Southampton,yes,FALSE,female,1,0,S,0,0,1
0,3,29,0,0,7.775,Third,man,TRUE,,Southampton,no,TRUE,male,0,1,S,0,0,1
0,2,59,0,0,13.5,Second,man,TRUE,,Southampton,no,TRUE,male,0,1,S,0,0,1
1,3,5,4,2,31.3875,Third,child,FALSE,,Southampton,yes,FALSE,female,1,0,S,0,0,1
0,2,24,0,0,10.5,Second,man,TRUE,,Southampton,no,TRUE,male,0,1,S,0,0,1
0,3,,0,0,7.55,Third,woman,FALSE,,Southampton,no,TRUE,female,1,0,S,0,0,1
0,2,44,1,0,26,Second,man,TRUE,,Southampton,no,FALSE,male,0,1,S,0,0,1
1,2,8,0,2,26.25,Second,child,FALSE,,Southampton,yes,FALSE,female,1,0,S,0,0,1
0,2,19,0,0,10.5,Second,man,TRUE,,Southampton,no,TRUE,male,0,1,S,0,0,1
0,2,33,0,0,12.275,Second,man,TRUE,,Southampton,no,TRUE,male,0,1,S,0,0,1
0,3,,1,0,14.4542,Third,woman,FALSE,,Cherbourg,no,FALSE,female,1,0,C,1,0,0
1,3,,1,0,15.5,Third,woman,FALSE,,Queenstown,yes,FALSE,female,1,0,Q,0,1,0
0,2,29,0,0,10.5,Second,man,TRUE,,Southampton,no,TRUE,male,0,1,S,0,0,1
0,3,22,0,0,7.125,Third,man,TRUE,,Southampton,no,TRUE,male,0,1,S,0,0,1
0,3,30,0,0,7.225,Third,man,TRUE,,Cherbourg,no,TRUE,male,0,1,C,1,0,0
0,1,44,2,0,90,First,man,TRUE,C,Queenstown,no,FALSE,male,0,1,Q,0,1,0
0,3,25,0,0,7.775,Third,woman,FALSE,,Southampton,no,TRUE,female,1,0,S,0,0,1
1,2,24,0,2,14.5,Second,woman,FALSE,,Southampton,yes,FALSE,female,1,0,S,0,0,1
1,1,37,1,1,52.5542,First,man,TRUE,D,Southampton,yes,FALSE,male,0,1,S,0,0,1
0,2,54,1,0,26,Second,man,TRUE,,Southampton,no,FALSE,male,0,1,S,0,0,1
0,3,,0,0,7.25,Third,man,TRUE,,Southampton,no,TRUE,male,0,1,S,0,0,1
0,3,29,1,1,10.4625,Third,woman,FALSE,G,Southampton,no,FALSE,female,1,0,S,0,0,1
0,1,62,0,0,26.55,First,man,TRUE,C,Southampton,no,TRUE,male,0,1,S,0,0,1
0,3,30,1,0,16.1,Third,man,TRUE,,Southampton,no,FALSE,male,0,1,S,0,0,1
0,3,41,0,2,20.2125,Third,woman,FALSE,,Southampton,no,FALSE,female,1,0,S,0,0,1
1,3,29,0,2,15.2458,Third,woman,FALSE,,Cherbourg,yes,FALSE,female,1,0,C,1,0,0
1,1,,0,0,79.2,First,woman,FALSE,,Cherbourg,yes,TRUE,female,1,0,C,1,0,0
1,1,30,0,0,86.5,First,woman,FALSE,B,Southampton,yes,TRUE,female,1,0,S,0,0,1
1,1,35,0,0,512.3292,First,woman,FALSE,,Cherbourg,yes,TRUE,female,1,0,C,1,0,0
1,2,50,0,1,26,Second,woman,FALSE,,Southampton,yes,FALSE,female,1,0,S,0,0,1
0,3,,0,0,7.75,Third,man,TRUE,,Queenstown,no,TRUE,male,0,1,Q,0,1,0
1,3,3,4,2,31.3875,Third,child,FALSE,,Southampton,yes,FALSE,male,0,1,S,0,0,1
0,1,52,1,1,79.65,First,man,TRUE,E,Southampton,no,FALSE,male,0,1,S,0,0,1
0,1,40,0,0,0,First,man,TRUE,B,Southampton,no,TRUE,male,0,1,S,0,0,1
0,3,,0,0,7.75,Third,woman,FALSE,,Queenstown,no,TRUE,female,1,0,Q,0,1,0
0,2,36,0,0,10.5,Second,man,TRUE,,Southampton,no,TRUE,male,0,1,S,0,0,1
0,3,16,4,1,39.6875,Third,man,TRUE,,Southampton,no,FALSE,male,0,1,S,0,0,1
1,3,25,1,0,7.775,Third,man,TRUE,,Southampton,yes,FALSE,male,0,1,S,0,0,1
1,1,58,0,1,153.4625,First,woman,FALSE,C,Southampton,yes,FALSE,female,1,0,S,0,0,1
1,1,35,0,0,135.6333,First,woman,FALSE,C,Southampton,yes,TRUE,female,1,0,S,0,0,1
0,1,,0,0,31,First,man,TRUE,,Southampton,no,TRUE,male,0,1,S,0,0,1
1,3,25,0,0,0,Third,man,TRUE,,Southampton,yes,TRUE,male,0,1,S,0,0,1
1,2,41,0,1,19.5,Second,woman,FALSE,,Southampton,yes,FALSE,female,1,0,S,0,0,1
0,1,37,0,1,29.7,First,man,TRUE,C,Cherbourg,no,FALSE,male,0,1,C,1,0,0
1,3,,0,0,7.75,Third,woman,FALSE,,Queenstown,yes,TRUE,female,1,0,Q,0,1,0
1,1,63,1,0,77.9583,First,woman,FALSE,D,Southampton,yes,FALSE,female,1,0,S,0,0,1
0,3,45,0,0,7.75,Third,woman,FALSE,,Southampton,no,TRUE,female,1,0,S,0,0,1
0,2,,0,0,0,Second,man,TRUE,,Southampton,no,TRUE,male,0,1,S,0,0,1
0,3,7,4,1,29.125,Third,child,FALSE,,Queenstown,no,FALSE,male,0,1,Q,0,1,0
1,3,35,1,1,20.25,Third,woman,FALSE,,Southampton,yes,FALSE,female,1,0,S,0,0,1
0,3,65,0,0,7.75,Third,man,TRUE,,Queenstown,no,TRUE,male,0,1,Q,0,1,0
0,3,28,0,0,7.8542,Third,man,TRUE,,Southampton,no,TRUE,male,0,1,S,0,0,1
0,3,16,0,0,9.5,Third,man,TRUE,,Southampton,no,TRUE,male,0,1,S,0,0,1
1,3,19,0,0,8.05,Third,man,TRUE,,Southampton,yes,TRUE,male,0,1,S,0,0,1
0,1,,0,0,26,First,man,TRUE,A,Southampton,no,TRUE,male,0,1,S,0,0,1
0,3,33,0,0,8.6625,Third,man,TRUE,,Cherbourg,no,TRUE,male,0,1,C,1,0,0
1,3,30,0,0,9.5,Third,man,TRUE,,Southampton,yes,TRUE,male,0,1,S,0,0,1
0,3,22,0,0,7.8958,Third,man,TRUE,,Southampton,no,TRUE,male,0,1,S,0,0,1
1,2,42,0,0,13,Second,man,TRUE,,Southampton,yes,TRUE,male,0,1,S,0,0,1
1,3,22,0,0,7.75,Third,woman,FALSE,,Queenstown,yes,TRUE,female,1,0,Q,0,1,0
1,1,26,0,0,78.85,First,woman,FALSE,,Southampton,yes,TRUE,female,1,0,S,0,0,1
1,1,19,1,0,91.0792,First,woman,FALSE,B,Cherbourg,yes,FALSE,female,1,0,C,1,0,0
0,2,36,0,0,12.875,Second,man,TRUE,D,Cherbourg,no,TRUE,male,0,1,C,1,0,0
0,3,24,0,0,8.85,Third,woman,FALSE,,Southampton,no,TRUE,female,1,0,S,0,0,1
0,3,24,0,0,7.8958,Third,man,TRUE,,Southampton,no,TRUE,male,0,1,S,0,0,1
0,1,,0,0,27.7208,First,man,TRUE,,Cherbourg,no,TRUE,male,0,1,C,1,0,0
0,3,23.5,0,0,7.2292,Third,man,TRUE,,Cherbourg,no,TRUE,male,0,1,C,1,0,0
0,1,2,1,2,151.55,First,child,FALSE,C,Southampton,no,FALSE,female,1,0,S,0,0,1
1,1,,0,0,30.5,First,man,TRUE,C,Southampton,yes,TRUE,male,0,1,S,0,0,1
1,1,50,0,1,247.5208,First,woman,FALSE,B,Cherbourg,yes,FALSE,female,1,0,C,1,0,0
1,3,,0,0,7.75,Third,woman,FALSE,,Queenstown,yes,TRUE,female,1,0,Q,0,1,0
1,3,,2,0,23.25,Third,man,TRUE,,Queenstown,yes,FALSE,male,0,1,Q,0,1,0
0,3,19,0,0,0,Third,man,TRUE,,Southampton,no,TRUE,male,0,1,S,0,0,1
1,2,,0,0,12.35,Second,woman,FALSE,E,Queenstown,yes,TRUE,female,1,0,Q,0,1,0
0,3,,0,0,8.05,Third,man,TRUE,,Southampton,no,TRUE,male,0,1,S,0,0,1
1,1,0.92,1,2,151.55,First,child,FALSE,C,Southampton,yes,FALSE,male,0,1,S,0,0,1
1,1,,0,0,110.8833,First,woman,FALSE,,Cherbourg,yes,TRUE,female,1,0,C,1,0,0
1,1,17,1,0,108.9,First,woman,FALSE,C,Cherbourg,yes,FALSE,female,1,0,C,1,0,0
0,2,30,1,0,24,Second,man,TRUE,,Cherbourg,no,FALSE,male,0,1,C,1,0,0
1,1,30,0,0,56.9292,First,woman,FALSE,E,Cherbourg,yes,TRUE,female,1,0,C,1,0,0
1,1,24,0,0,83.1583,First,woman,FALSE,C,Cherbourg,yes,TRUE,female,1,0,C,1,0,0
1,1,18,2,2,262.375,First,woman,FALSE,B,Cherbourg,yes,FALSE,female,1,0,C,1,0,0
0,2,26,1,1,26,Second,woman,FALSE,,Southampton,no,FALSE,female,1,0,S,0,0,1
0,3,28,0,0,7.8958,Third,man,TRUE,,Southampton,no,TRUE,male,0,1,S,0,0,1
0,2,43,1,1,26.25,Second,man,TRUE,,Southampton,no,FALSE,male,0,1,S,0,0,1
1,3,26,0,0,7.8542,Third,woman,FALSE,,Southampton,yes,TRUE,female,1,0,S,0,0,1
1,2,24,1,0,26,Second,woman,FALSE,,Southampton,yes,FALSE,female,1,0,S,0,0,1
0,2,54,0,0,14,Second,man,TRUE,,Southampton,no,TRUE,male,0,1,S,0,0,1
1,1,31,0,2,164.8667,First,woman,FALSE,C,Southampton,yes,FALSE,female,1,0,S,0,0,1
1,1,40,1,1,134.5,First,woman,FALSE,E,Cherbourg,yes,FALSE,female,1,0,C,1,0,0
0,3,22,0,0,7.25,Third,man,TRUE,,Southampton,no,TRUE,male,0,1,S,0,0,1
0,3,27,0,0,7.8958,Third,man,TRUE,,Southampton,no,TRUE,male,0,1,S,0,0,1
1,2,30,0,0,12.35,Second,woman,FALSE,,Queenstown,yes,TRUE,female,1,0,Q,0,1,0
1,2,22,1,1,29,Second,woman,FALSE,,Southampton,yes,FALSE,female,1,0,S,0,0,1
0,3,,8,2,69.55,Third,man,TRUE,,Southampton,no,FALSE,male,0,1,S,0,0,1
1,1,36,0,0,135.6333,First,woman,FALSE,C,Cherbourg,yes,TRUE,female,1,0,C,1,0,0
0,3,61,0,0,6.2375,Third,man,TRUE,,Southampton,no,TRUE,male,0,1,S,0,0,1
1,2,36,0,0,13,Second,woman,FALSE,D,Southampton,yes,TRUE,female,1,0,S,0,0,1
1,3,31,1,1,20.525,Third,woman,FALSE,,Southampton,yes,FALSE,female,1,0,S,0,0,1
1,1,16,0,1,57.9792,First,woman,FALSE,B,Cherbourg,yes,FALSE,female,1,0,C,1,0,0
1,3,,2,0,23.25,Third,woman,FALSE,,Queenstown,yes,FALSE,female,1,0,Q,0,1,0
0,1,45.5,0,0,28.5,First,man,TRUE,C,Southampton,no,TRUE,male,0,1,S,0,0,1
0,1,38,0,1,153.4625,First,man,TRUE,C,Southampton,no,FALSE,male,0,1,S,0,0,1
0,3,16,2,0,18,Third,man,TRUE,,Southampton,no,FALSE,male,0,1,S,0,0,1
1,1,,1,0,133.65,First,woman,FALSE,,Southampton,yes,FALSE,female,1,0,S,0,0,1
0,3,,0,0,7.8958,Third,man,TRUE,,Southampton,no,TRUE,male,0,1,S,0,0,1
0,1,29,1,0,66.6,First,man,TRUE,C,Southampton,no,FALSE,male,0,1,S,0,0,1
1,1,41,0,0,134.5,First,woman,FALSE,E,Cherbourg,yes,TRUE,female,1,0,C,1,0,0
1,3,45,0,0,8.05,Third,man,TRUE,,Southampton,yes,TRUE,male,0,1,S,0,0,1
0,1,45,0,0,35.5,First,man,TRUE,,Southampton,no,TRUE,male,0,1,S,0,0,1
1,2,2,1,1,26,Second,child,FALSE,F,Southampton,yes,FALSE,male,0,1,S,0,0,1
1,1,24,3,2,263,First,woman,FALSE,C,Southampton,yes,FALSE,female,1,0,S,0,0,1
0,2,28,0,0,13,Second,man,TRUE,,Southampton,no,TRUE,male,0,1,S,0,0,1
0,2,25,0,0,13,Second,man,TRUE,,Southampton,no,TRUE,male,0,1,S,0,0,1
0,2,36,0,0,13,Second,man,TRUE,,Southampton,no,TRUE,male,0,1,S,0,0,1
1,2,24,0,0,13,Second,woman,FALSE,F,Southampton,yes,TRUE,female,1,0,S,0,0,1
1,2,40,0,0,13,Second,woman,FALSE,,Southampton,yes,TRUE,female,1,0,S,0,0,1
1,3,,1,0,16.1,Third,woman,FALSE,,Southampton,yes,FALSE,female,1,0,S,0,0,1
1,3,3,1,1,15.9,Third,child,FALSE,,Southampton,yes,FALSE,male,0,1,S,0,0,1
0,3,42,0,0,8.6625,Third,man,TRUE,,Southampton,no,TRUE,male,0,1,S,0,0,1
0,3,23,0,0,9.225,Third,man,TRUE,,Southampton,no,TRUE,male,0,1,S,0,0,1
0,1,,0,0,35,First,man,TRUE,C,Southampton,no,TRUE,male,0,1,S,0,0,1
0,3,15,1,1,7.2292,Third,child,FALSE,,Cherbourg,no,FALSE,male,0,1,C,1,0,0
0,3,25,1,0,17.8,Third,man,TRUE,,Southampton,no,FALSE,male,0,1,S,0,0,1
0,3,,0,0,7.225,Third,man,TRUE,,Cherbourg,no,TRUE,male,0,1,C,1,0,0
0,3,28,0,0,9.5,Third,man,TRUE,,Southampton,no,TRUE,male,0,1,S,0,0,1
1,1,22,0,1,55,First,woman,FALSE,E,Southampton,yes,FALSE,female,1,0,S,0,0,1
0,2,38,0,0,13,Second,woman,FALSE,,Southampton,no,TRUE,female,1,0,S,0,0,1
1,3,,0,0,7.8792,Third,woman,FALSE,,Queenstown,yes,TRUE,female,1,0,Q,0,1,0
1,3,,0,0,7.8792,Third,woman,FALSE,,Queenstown,yes,TRUE,female,1,0,Q,0,1,0
0,3,40,1,4,27.9,Third,man,TRUE,,Southampton,no,FALSE,male,0,1,S,0,0,1
0,2,29,1,0,27.7208,Second,man,TRUE,,Cherbourg,no,FALSE,male,0,1,C,1,0,0
0,3,45,0,1,14.4542,Third,woman,FALSE,,Cherbourg,no,FALSE,female,1,0,C,1,0,0
0,3,35,0,0,7.05,Third,man,TRUE,,Southampton,no,TRUE,male,0,1,S,0,0,1
0,3,,1,0,15.5,Third,man,TRUE,,Queenstown,no,FALSE,male,0,1,Q,0,1,0
0,3,30,0,0,7.25,Third,man,TRUE,,Southampton,no,TRUE,male,0,1,S,0,0,1
1,1,60,1,0,75.25,First,woman,FALSE,D,Cherbourg,yes,FALSE,female,1,0,C,1,0,0
1,3,,0,0,7.2292,Third,woman,FALSE,,Cherbourg,yes,TRUE,female,1,0,C,1,0,0
1,3,,0,0,7.75,Third,woman,FALSE,,Queenstown,yes,TRUE,female,1,0,Q,0,1,0
1,1,24,0,0,69.3,First,woman,FALSE,B,Cherbourg,yes,TRUE,female,1,0,C,1,0,0
1,1,25,1,0,55.4417,First,man,TRUE,E,Cherbourg,yes,FALSE,male,0,1,C,1,0,0
0,3,18,1,0,6.4958,Third,man,TRUE,,Southampton,no,FALSE,male,0,1,S,0,0,1
0,3,19,0,0,8.05,Third,man,TRUE,,Southampton,no,TRUE,male,0,1,S,0,0,1
0,1,22,0,0,135.6333,First,man,TRUE,,Cherbourg,no,TRUE,male,0,1,C,1,0,0
0,3,3,3,1,21.075,Third,child,FALSE,,Southampton,no,FALSE,female,1,0,S,0,0,1
1,1,,1,0,82.1708,First,woman,FALSE,,Cherbourg,yes,FALSE,female,1,0,C,1,0,0
1,3,22,0,0,7.25,Third,woman,FALSE,,Southampton,yes,TRUE,female,1,0,S,0,0,1
0,1,27,0,2,211.5,First,man,TRUE,C,Cherbourg,no,FALSE,male,0,1,C,1,0,0
0,3,20,0,0,4.0125,Third,man,TRUE,,Cherbourg,no,TRUE,male,0,1,C,1,0,0
0,3,19,0,0,7.775,Third,man,TRUE,,Southampton,no,TRUE,male,0,1,S,0,0,1
1,1,42,0,0,227.525,First,woman,FALSE,,Cherbourg,yes,TRUE,female,1,0,C,1,0,0
1,3,1,0,2,15.7417,Third,child,FALSE,,Cherbourg,yes,FALSE,female,1,0,C,1,0,0
0,3,32,0,0,7.925,Third,man,TRUE,,Southampton,no,TRUE,male,0,1,S,0,0,1
1,1,35,1,0,52,First,woman,FALSE,,Southampton,yes,FALSE,female,1,0,S,0,0,1
0,3,,0,0,7.8958,Third,man,TRUE,,Southampton,no,TRUE,male,0,1,S,0,0,1
0,2,18,0,0,73.5,Second,man,TRUE,,Southampton,no,TRUE,male,0,1,S,0,0,1
0,3,1,5,2,46.9,Third,child,FALSE,,Southampton,no,FALSE,male,0,1,S,0,0,1
1,2,36,0,0,13,Second,woman,FALSE,,Southampton,yes,TRUE,female,1,0,S,0,0,1
0,3,,0,0,7.7292,Third,man,TRUE,,Queenstown,no,TRUE,male,0,1,Q,0,1,0
1,2,17,0,0,12,Second,woman,FALSE,,Cherbourg,yes,TRUE,female,1,0,C,1,0,0
1,1,36,1,2,120,First,man,TRUE,B,Southampton,yes,FALSE,male,0,1,S,0,0,1
1,3,21,0,0,7.7958,Third,man,TRUE,,Southampton,yes,TRUE,male,0,1,S,0,0,1
0,3,28,2,0,7.925,Third,man,TRUE,,Southampton,no,FALSE,male,0,1,S,0,0,1
1,1,23,1,0,113.275,First,woman,FALSE,D,Cherbourg,yes,FALSE,female,1,0,C,1,0,0
1,3,24,0,2,16.7,Third,woman,FALSE,G,Southampton,yes,FALSE,female,1,0,S,0,0,1
0,3,22,0,0,7.7958,Third,man,TRUE,,Southampton,no,TRUE,male,0,1,S,0,0,1
0,3,31,0,0,7.8542,Third,woman,FALSE,,Southampton,no,TRUE,female,1,0,S,0,0,1
0,2,46,0,0,26,Second,man,TRUE,,Southampton,no,TRUE,male,0,1,S,0,0,1
0,2,23,0,0,10.5,Second,man,TRUE,,Southampton,no,TRUE,male,0,1,S,0,0,1
1,2,28,0,0,12.65,Second,woman,FALSE,,Southampton,yes,TRUE,female,1,0,S,0,0,1
1,3,39,0,0,7.925,Third,man,TRUE,,Southampton,yes,TRUE,male,0,1,S,0,0,1
0,3,26,0,0,8.05,Third,man,TRUE,,Southampton,no,TRUE,male,0,1,S,0,0,1
0,3,21,1,0,9.825,Third,woman,FALSE,,Southampton,no,FALSE,female,1,0,S,0,0,1
0,3,28,1,0,15.85,Third,man,TRUE,,Southampton,no,FALSE,male,0,1,S,0,0,1
0,3,20,0,0,8.6625,Third,woman,FALSE,,Southampton,no,TRUE,female,1,0,S,0,0,1
0,2,34,1,0,21,Second,man,TRUE,,Southampton,no,FALSE,male,0,1,S,0,0,1
0,3,51,0,0,7.75,Third,man,TRUE,,Southampton,no,TRUE,male,0,1,S,0,0,1
1,2,3,1,1,18.75,Second,child,FALSE,,Southampton,yes,FALSE,male,0,1,S,0,0,1
0,3,21,0,0,7.775,Third,man,TRUE,,Southampton,no,TRUE,male,0,1,S,0,0,1
0,3,,3,1,25.4667,Third,woman,FALSE,,Southampton,no,FALSE,female,1,0,S,0,0,1
0,3,,0,0,7.8958,Third,man,TRUE,,Southampton,no,TRUE,male,0,1,S,0,0,1
0,3,,0,0,6.8583,Third,man,TRUE,,Queenstown,no,TRUE,male,0,1,Q,0,1,0
1,1,33,1,0,90,First,woman,FALSE,C,Queenstown,yes,FALSE,female,1,0,Q,0,1,0
0,2,,0,0,0,Second,man,TRUE,,Southampton,no,TRUE,male,0,1,S,0,0,1
1,3,44,0,0,7.925,Third,man,TRUE,,Southampton,yes,TRUE,male,0,1,S,0,0,1
0,3,,0,0,8.05,Third,woman,FALSE,,Southampton,no,TRUE,female,1,0,S,0,0,1
1,2,34,1,1,32.5,Second,woman,FALSE,,Southampton,yes,FALSE,female,1,0,S,0,0,1
1,2,18,0,2,13,Second,woman,FALSE,,Southampton,yes,FALSE,female,1,0,S,0,0,1
0,2,30,0,0,13,Second,man,TRUE,,Southampton,no,TRUE,male,0,1,S,0,0,1
0,3,10,0,2,24.15,Third,child,FALSE,,Southampton,no,FALSE,female,1,0,S,0,0,1
0,3,,0,0,7.8958,Third,man,TRUE,,Cherbourg,no,TRUE,male,0,1,C,1,0,0
0,3,21,0,0,7.7333,Third,man,TRUE,,Queenstown,no,TRUE,male,0,1,Q,0,1,0
0,3,29,0,0,7.875,Third,man,TRUE,,Southampton,no,TRUE,male,0,1,S,0,0,1
0,3,28,1,1,14.4,Third,woman,FALSE,,Southampton,no,FALSE,female,1,0,S,0,0,1
0,3,18,1,1,20.2125,Third,man,TRUE,,Southampton,no,FALSE,male,0,1,S,0,0,1
0,3,,0,0,7.25,Third,man,TRUE,,Southampton,no,TRUE,male,0,1,S,0,0,1
1,2,28,1,0,26,Second,woman,FALSE,,Southampton,yes,FALSE,female,1,0,S,0,0,1
1,2,19,0,0,26,Second,woman,FALSE,,Southampton,yes,TRUE,female,1,0,S,0,0,1
0,3,,0,0,7.75,Third,man,TRUE,,Queenstown,no,TRUE,male,0,1,Q,0,1,0
1,3,32,0,0,8.05,Third,man,TRUE,E,Southampton,yes,TRUE,male,0,1,S,0,0,1
1,1,28,0,0,26.55,First,man,TRUE,C,Southampton,yes,TRUE,male,0,1,S,0,0,1
1,3,,1,0,16.1,Third,woman,FALSE,,Southampton,yes,FALSE,female,1,0,S,0,0,1
1,2,42,1,0,26,Second,woman,FALSE,,Southampton,yes,FALSE,female,1,0,S,0,0,1
0,3,17,0,0,7.125,Third,man,TRUE,,Southampton,no,TRUE,male,0,1,S,0,0,1
0,1,50,1,0,55.9,First,man,TRUE,E,Southampton,no,FALSE,male,0,1,S,0,0,1
1,1,14,1,2,120,First,child,FALSE,B,Southampton,yes,FALSE,female,1,0,S,0,0,1
0,3,21,2,2,34.375,Third,woman,FALSE,,Southampton,no,FALSE,female,1,0,S,0,0,1
1,2,24,2,3,18.75,Second,woman,FALSE,,Southampton,yes,FALSE,female,1,0,S,0,0,1
0,1,64,1,4,263,First,man,TRUE,C,Southampton,no,FALSE,male,0,1,S,0,0,1
0,2,31,0,0,10.5,Second,man,TRUE,,Southampton,no,TRUE,male,0,1,S,0,0,1
1,2,45,1,1,26.25,Second,woman,FALSE,,Southampton,yes,FALSE,female,1,0,S,0,0,1
0,3,20,0,0,9.5,Third,man,TRUE,,Southampton,no,TRUE,male,0,1,S,0,0,1
0,3,25,1,0,7.775,Third,man,TRUE,,Southampton,no,FALSE,male,0,1,S,0,0,1
1,2,28,0,0,13,Second,woman,FALSE,,Southampton,yes,TRUE,female,1,0,S,0,0,1
1,3,,0,0,8.1125,Third,man,TRUE,,Southampton,yes,TRUE,male,0,1,S,0,0,1
1,1,4,0,2,81.8583,First,child,FALSE,A,Southampton,yes,FALSE,male,0,1,S,0,0,1
1,2,13,0,1,19.5,Second,child,FALSE,,Southampton,yes,FALSE,female,1,0,S,0,0,1
1,1,34,0,0,26.55,First,man,TRUE,,Southampton,yes,TRUE,male,0,1,S,0,0,1
1,3,5,2,1,19.2583,Third,child,FALSE,,Cherbourg,yes,FALSE,female,1,0,C,1,0,0
1,1,52,0,0,30.5,First,man,TRUE,C,Southampton,yes,TRUE,male,0,1,S,0,0,1
0,2,36,1,2,27.75,Second,man,TRUE,,Southampton,no,FALSE,male,0,1,S,0,0,1
0,3,,1,0,19.9667,Third,man,TRUE,,Southampton,no,FALSE,male,0,1,S,0,0,1
0,1,30,0,0,27.75,First,man,TRUE,C,Cherbourg,no,TRUE,male,0,1,C,1,0,0
1,1,49,1,0,89.1042,First,man,TRUE,C,Cherbourg,yes,FALSE,male,0,1,C,1,0,0
0,3,,0,0,8.05,Third,man,TRUE,,Southampton,no,TRUE,male,0,1,S,0,0,1
1,3,29,0,0,7.8958,Third,man,TRUE,,Cherbourg,yes,TRUE,male,0,1,C,1,0,0
0,1,65,0,0,26.55,First,man,TRUE,E,Southampton,no,TRUE,male,0,1,S,0,0,1
1,1,,1,0,51.8625,First,woman,FALSE,D,Southampton,yes,FALSE,female,1,0,S,0,0,1
1,2,50,0,0,10.5,Second,woman,FALSE,,Southampton,yes,TRUE,female,1,0,S,0,0,1
0,3,,0,0,7.75,Third,man,TRUE,,Queenstown,no,TRUE,male,0,1,Q,0,1,0
1,1,48,0,0,26.55,First,man,TRUE,E,Southampton,yes,TRUE,male,0,1,S,0,0,1
0,3,34,0,0,8.05,Third,man,TRUE,,Southampton,no,TRUE,male,0,1,S,0,0,1
0,1,47,0,0,38.5,First,man,TRUE,E,Southampton,no,TRUE,male,0,1,S,0,0,1
0,2,48,0,0,13,Second,man,TRUE,,Southampton,no,TRUE,male,0,1,S,0,0,1
0,3,,0,0,8.05,Third,man,TRUE,,Southampton,no,TRUE,male,0,1,S,0,0,1
0,3,38,0,0,7.05,Third,man,TRUE,,Southampton,no,TRUE,male,0,1,S,0,0,1
0,2,,0,0,0,Second,man,TRUE,,Southampton,no,TRUE,male,0,1,S,0,0,1
0,1,56,0,0,26.55,First,man,TRUE,,Southampton,no,TRUE,male,0,1,S,0,0,1
0,3,,0,0,7.725,Third,man,TRUE,,Queenstown,no,TRUE,male,0,1,Q,0,1,0
1,3,0.75,2,1,19.2583,Third,child,FALSE,,Cherbourg,yes,FALSE,female,1,0,C,1,0,0
0,3,,0,0,7.25,Third,man,TRUE,,Southampton,no,TRUE,male,0,1,S,0,0,1
0,3,38,0,0,8.6625,Third,man,TRUE,,Southampton,no,TRUE,male,0,1,S,0,0,1
1,2,33,1,2,27.75,Second,woman,FALSE,,Southampton,yes,FALSE,female,1,0,S,0,0,1
1,2,23,0,0,13.7917,Second,woman,FALSE,D,Cherbourg,yes,TRUE,female,1,0,C,1,0,0
0,3,22,0,0,9.8375,Third,woman,FALSE,,Southampton,no,TRUE,female,1,0,S,0,0,1
0,1,,0,0,52,First,man,TRUE,A,Southampton,no,TRUE,male,0,1,S,0,0,1
0,2,34,1,0,21,Second,man,TRUE,,Southampton,no,FALSE,male,0,1,S,0,0,1
0,3,29,1,0,7.0458,Third,man,TRUE,,Southampton,no,FALSE,male,0,1,S,0,0,1
0,3,22,0,0,7.5208,Third,man,TRUE,,Southampton,no,TRUE,male,0,1,S,0,0,1
1,3,2,0,1,12.2875,Third,child,FALSE,,Southampton,yes,FALSE,female,1,0,S,0,0,1
0,3,9,5,2,46.9,Third,child,FALSE,,Southampton,no,FALSE,male,0,1,S,0,0,1
0,2,,0,0,0,Second,man,TRUE,,Southampton,no,TRUE,male,0,1,S,0,0,1
0,3,50,0,0,8.05,Third,man,TRUE,,Southampton,no,TRUE,male,0,1,S,0,0,1
1,3,63,0,0,9.5875,Third,woman,FALSE,,Southampton,yes,TRUE,female,1,0,S,0,0,1
1,1,25,1,0,91.0792,First,man,TRUE,B,Cherbourg,yes,FALSE,male,0,1,C,1,0,0
0,3,,3,1,25.4667,Third,woman,FALSE,,Southampton,no,FALSE,female,1,0,S,0,0,1
1,1,35,1,0,90,First,woman,FALSE,C,Southampton,yes,FALSE,female,1,0,S,0,0,1
0,1,58,0,0,29.7,First,man,TRUE,B,Cherbourg,no,TRUE,male,0,1,C,1,0,0
0,3,30,0,0,8.05,Third,man,TRUE,,Southampton,no,TRUE,male,0,1,S,0,0,1
1,3,9,1,1,15.9,Third,child,FALSE,,Southampton,yes,FALSE,male,0,1,S,0,0,1
0,3,,1,0,19.9667,Third,man,TRUE,,Southampton,no,FALSE,male,0,1,S,0,0,1
0,3,21,0,0,7.25,Third,man,TRUE,,Southampton,no,TRUE,male,0,1,S,0,0,1
0,1,55,0,0,30.5,First,man,TRUE,C,Southampton,no,TRUE,male,0,1,S,0,0,1
0,1,71,0,0,49.5042,First,man,TRUE,,Cherbourg,no,TRUE,male,0,1,C,1,0,0
0,3,21,0,0,8.05,Third,man,TRUE,,Southampton,no,TRUE,male,0,1,S,0,0,1
0,3,,0,0,14.4583,Third,man,TRUE,,Cherbourg,no,TRUE,male,0,1,C,1,0,0
1,1,54,1,0,78.2667,First,woman,FALSE,D,Cherbourg,yes,FALSE,female,1,0,C,1,0,0
0,3,,0,0,15.1,Third,man,TRUE,,Southampton,no,TRUE,male,0,1,S,0,0,1
0,1,25,1,2,151.55,First,woman,FALSE,C,Southampton,no,FALSE,female,1,0,S,0,0,1
0,3,24,0,0,7.7958,Third,man,TRUE,,Southampton,no,TRUE,male,0,1,S,0,0,1
0,3,17,0,0,8.6625,Third,man,TRUE,,Southampton,no,TRUE,male,0,1,S,0,0,1
0,3,21,0,0,7.75,Third,woman,FALSE,,Queenstown,no,TRUE,female,1,0,Q,0,1,0
0,3,,0,0,7.6292,Third,woman,FALSE,,Queenstown,no,TRUE,female,1,0,Q,0,1,0
0,3,37,0,0,9.5875,Third,woman,FALSE,,Southampton,no,TRUE,female,1,0,S,0,0,1
1,1,16,0,0,86.5,First,woman,FALSE,B,Southampton,yes,TRUE,female,1,0,S,0,0,1
0,1,18,1,0,108.9,First,man,TRUE,C,Cherbourg,no,FALSE,male,0,1,C,1,0,0
1,2,33,0,2,26,Second,woman,FALSE,,Southampton,yes,FALSE,female,1,0,S,0,0,1
1,1,,0,0,26.55,First,man,TRUE,,Southampton,yes,TRUE,male,0,1,S,0,0,1
0,3,28,0,0,22.525,Third,man,TRUE,,Southampton,no,TRUE,male,0,1,S,0,0,1
1,3,26,0,0,56.4958,Third,man,TRUE,,Southampton,yes,TRUE,male,0,1,S,0,0,1
1,3,29,0,0,7.75,Third,man,TRUE,,Queenstown,yes,TRUE,male,0,1,Q,0,1,0
0,3,,0,0,8.05,Third,man,TRUE,,Southampton,no,TRUE,male,0,1,S,0,0,1
1,1,36,0,0,26.2875,First,man,TRUE,E,Southampton,yes,TRUE,male,0,1,S,0,0,1
1,1,54,1,0,59.4,First,woman,FALSE,,Cherbourg,yes,FALSE,female,1,0,C,1,0,0
0,3,24,0,0,7.4958,Third,man,TRUE,,Southampton,no,TRUE,male,0,1,S,0,0,1
0,1,47,0,0,34.0208,First,man,TRUE,D,Southampton,no,TRUE,male,0,1,S,0,0,1
1,2,34,0,0,10.5,Second,woman,FALSE,F,Southampton,yes,TRUE,female,1,0,S,0,0,1
0,3,,0,0,24.15,Third,man,TRUE,,Queenstown,no,TRUE,male,0,1,Q,0,1,0
1,2,36,1,0,26,Second,woman,FALSE,,Southampton,yes,FALSE,female,1,0,S,0,0,1
0,3,32,0,0,7.8958,Third,man,TRUE,,Southampton,no,TRUE,male,0,1,S,0,0,1
1,1,30,0,0,93.5,First,woman,FALSE,B,Southampton,yes,TRUE,female,1,0,S,0,0,1
0,3,22,0,0,7.8958,Third,man,TRUE,,Southampton,no,TRUE,male,0,1,S,0,0,1
0,3,,0,0,7.225,Third,man,TRUE,,Cherbourg,no,TRUE,male,0,1,C,1,0,0
1,1,44,0,1,57.9792,First,woman,FALSE,B,Cherbourg,yes,FALSE,female,1,0,C,1,0,0
0,3,,0,0,7.2292,Third,man,TRUE,,Cherbourg,no,TRUE,male,0,1,C,1,0,0
0,3,40.5,0,0,7.75,Third,man,TRUE,,Queenstown,no,TRUE,male,0,1,Q,0,1,0
1,2,50,0,0,10.5,Second,woman,FALSE,,Southampton,yes,TRUE,female,1,0,S,0,0,1
0,1,,0,0,221.7792,First,man,TRUE,C,Southampton,no,TRUE,male,0,1,S,0,0,1
0,3,39,0,0,7.925,Third,man,TRUE,,Southampton,no,TRUE,male,0,1,S,0,0,1
0,2,23,2,1,11.5,Second,man,TRUE,,Southampton,no,FALSE,male,0,1,S,0,0,1
1,2,2,1,1,26,Second,child,FALSE,,Southampton,yes,FALSE,female,1,0,S,0,0,1
0,3,,0,0,7.2292,Third,man,TRUE,,Cherbourg,no,TRUE,male,0,1,C,1,0,0
0,3,17,1,1,7.2292,Third,man,TRUE,,Cherbourg,no,FALSE,male,0,1,C,1,0,0
1,3,,0,2,22.3583,Third,woman,FALSE,,Cherbourg,yes,FALSE,female,1,0,C,1,0,0
0,3,30,0,0,8.6625,Third,woman,FALSE,,Southampton,no,TRUE,female,1,0,S,0,0,1
1,2,7,0,2,26.25,Second,child,FALSE,,Southampton,yes,FALSE,female,1,0,S,0,0,1
0,1,45,0,0,26.55,First,man,TRUE,B,Southampton,no,TRUE,male,0,1,S,0,0,1
1,1,30,0,0,106.425,First,woman,FALSE,,Cherbourg,yes,TRUE,female,1,0,C,1,0,0
0,3,,0,0,14.5,Third,man,TRUE,,Southampton,no,TRUE,male,0,1,S,0,0,1
1,1,22,0,2,49.5,First,woman,FALSE,B,Cherbourg,yes,FALSE,female,1,0,C,1,0,0
1,1,36,0,2,71,First,woman,FALSE,B,Southampton,yes,FALSE,female,1,0,S,0,0,1
0,3,9,4,2,31.275,Third,child,FALSE,,Southampton,no,FALSE,female,1,0,S,0,0,1
0,3,11,4,2,31.275,Third,child,FALSE,,Southampton,no,FALSE,female,1,0,S,0,0,1
1,2,32,1,0,26,Second,man,TRUE,,Southampton,yes,FALSE,male,0,1,S,0,0,1
0,1,50,1,0,106.425,First,man,TRUE,C,Cherbourg,no,FALSE,male,0,1,C,1,0,0
0,1,64,0,0,26,First,man,TRUE,,Southampton,no,TRUE,male,0,1,S,0,0,1
1,2,19,1,0,26,Second,woman,FALSE,,Southampton,yes,FALSE,female,1,0,S,0,0,1
1,2,,0,0,13.8625,Second,man,TRUE,,Cherbourg,yes,TRUE,male,0,1,C,1,0,0
0,3,33,1,1,20.525,Third,man,TRUE,,Southampton,no,FALSE,male,0,1,S,0,0,1
1,2,8,1,1,36.75,Second,child,FALSE,,Southampton,yes,FALSE,male,0,1,S,0,0,1
1,1,17,0,2,110.8833,First,man,TRUE,C,Cherbourg,yes,FALSE,male,0,1,C,1,0,0
0,2,27,0,0,26,Second,man,TRUE,,Southampton,no,TRUE,male,0,1,S,0,0,1
0,3,,0,0,7.8292,Third,man,TRUE,,Queenstown,no,TRUE,male,0,1,Q,0,1,0
1,3,22,0,0,7.225,Third,man,TRUE,,Cherbourg,yes,TRUE,male,0,1,C,1,0,0
1,3,22,0,0,7.775,Third,woman,FALSE,,Southampton,yes,TRUE,female,1,0,S,0,0,1
0,1,62,0,0,26.55,First,man,TRUE,,Southampton,no,TRUE,male,0,1,S,0,0,1
1,1,48,1,0,39.6,First,woman,FALSE,A,Cherbourg,yes,FALSE,female,1,0,C,1,0,0
0,1,,0,0,227.525,First,man,TRUE,,Cherbourg,no,TRUE,male,0,1,C,1,0,0
1,1,39,1,1,79.65,First,woman,FALSE,E,Southampton,yes,FALSE,female,1,0,S,0,0,1
1,3,36,1,0,17.4,Third,woman,FALSE,,Southampton,yes,FALSE,female,1,0,S,0,0,1
0,3,,0,0,7.75,Third,man,TRUE,,Queenstown,no,TRUE,male,0,1,Q,0,1,0
0,3,40,0,0,7.8958,Third,man,TRUE,,Southampton,no,TRUE,male,0,1,S,0,0,1
0,2,28,0,0,13.5,Second,man,TRUE,,Southampton,no,TRUE,male,0,1,S,0,0,1
0,3,,0,0,8.05,Third,man,TRUE,,Southampton,no,TRUE,male,0,1,S,0,0,1
0,3,,0,0,8.05,Third,woman,FALSE,,Southampton,no,TRUE,female,1,0,S,0,0,1
0,3,24,2,0,24.15,Third,man,TRUE,,Southampton,no,FALSE,male,0,1,S,0,0,1
0,3,19,0,0,7.8958,Third,man,TRUE,,Southampton,no,TRUE,male,0,1,S,0,0,1
0,3,29,0,4,21.075,Third,woman,FALSE,,Southampton,no,FALSE,female,1,0,S,0,0,1
0,3,,0,0,7.2292,Third,man,TRUE,,Cherbourg,no,TRUE,male,0,1,C,1,0,0
1,3,32,0,0,7.8542,Third,man,TRUE,,Southampton,yes,TRUE,male,0,1,S,0,0,1
1,2,62,0,0,10.5,Second,man,TRUE,,Southampton,yes,TRUE,male,0,1,S,0,0,1
1,1,53,2,0,51.4792,First,woman,FALSE,C,Southampton,yes,FALSE,female,1,0,S,0,0,1
1,1,36,0,0,26.3875,First,man,TRUE,E,Southampton,yes,TRUE,male,0,1,S,0,0,1
1,3,,0,0,7.75,Third,woman,FALSE,,Queenstown,yes,TRUE,female,1,0,Q,0,1,0
0,3,16,0,0,8.05,Third,man,TRUE,,Southampton,no,TRUE,male,0,1,S,0,0,1
0,3,19,0,0,14.5,Third,man,TRUE,,Southampton,no,TRUE,male,0,1,S,0,0,1
1,2,34,0,0,13,Second,woman,FALSE,,Southampton,yes,TRUE,female,1,0,S,0,0,1
1,1,39,1,0,55.9,First,woman,FALSE,E,Southampton,yes,FALSE,female,1,0,S,0,0,1
0,3,,1,0,14.4583,Third,woman,FALSE,,Cherbourg,no,FALSE,female,1,0,C,1,0,0
1,3,32,0,0,7.925,Third,man,TRUE,,Southampton,yes,TRUE,male,0,1,S,0,0,1
1,2,25,1,1,30,Second,woman,FALSE,,Southampton,yes,FALSE,female,1,0,S,0,0,1
1,1,39,1,1,110.8833,First,woman,FALSE,C,Cherbourg,yes,FALSE,female,1,0,C,1,0,0
0,2,54,0,0,26,Second,man,TRUE,,Southampton,no,TRUE,male,0,1,S,0,0,1
0,1,36,0,0,40.125,First,man,TRUE,A,Cherbourg,no,TRUE,male,0,1,C,1,0,0
0,3,,0,0,8.7125,Third,man,TRUE,,Cherbourg,no,TRUE,male,0,1,C,1,0,0
1,1,18,0,2,79.65,First,woman,FALSE,E,Southampton,yes,FALSE,female,1,0,S,0,0,1
0,2,47,0,0,15,Second,man,TRUE,,Southampton,no,TRUE,male,0,1,S,0,0,1
1,1,60,1,1,79.2,First,man,TRUE,B,Cherbourg,yes,FALSE,male,0,1,C,1,0,0
0,3,22,0,0,8.05,Third,man,TRUE,,Southampton,no,TRUE,male,0,1,S,0,0,1
0,3,,0,0,8.05,Third,man,TRUE,,Southampton,no,TRUE,male,0,1,S,0,0,1
0,3,35,0,0,7.125,Third,man,TRUE,,Southampton,no,TRUE,male,0,1,S,0,0,1
1,1,52,1,0,78.2667,First,woman,FALSE,D,Cherbourg,yes,FALSE,female,1,0,C,1,0,0
0,3,47,0,0,7.25,Third,man,TRUE,,Southampton,no,TRUE,male,0,1,S,0,0,1
0,3,,0,2,7.75,Third,woman,FALSE,,Queenstown,no,FALSE,female,1,0,Q,0,1,0
0,2,37,1,0,26,Second,man,TRUE,,Southampton,no,FALSE,male,0,1,S,0,0,1
0,3,36,1,1,24.15,Third,man,TRUE,,Southampton,no,FALSE,male,0,1,S,0,0,1
1,2,,0,0,33,Second,woman,FALSE,,Southampton,yes,TRUE,female,1,0,S,0,0,1
0,3,49,0,0,0,Third,man,TRUE,,Southampton,no,TRUE,male,0,1,S,0,0,1
0,3,,0,0,7.225,Third,man,TRUE,,Cherbourg,no,TRUE,male,0,1,C,1,0,0
1,1,49,1,0,56.9292,First,man,TRUE,A,Cherbourg,yes,FALSE,male,0,1,C,1,0,0
1,2,24,2,1,27,Second,woman,FALSE,,Southampton,yes,FALSE,female,1,0,S,0,0,1
0,3,,0,0,7.8958,Third,man,TRUE,,Southampton,no,TRUE,male,0,1,S,0,0,1
0,1,,0,0,42.4,First,man,TRUE,,Southampton,no,TRUE,male,0,1,S,0,0,1
0,3,44,0,0,8.05,Third,man,TRUE,,Southampton,no,TRUE,male,0,1,S,0,0,1
1,1,35,0,0,26.55,First,man,TRUE,,Cherbourg,yes,TRUE,male,0,1,C,1,0,0
0,3,36,1,0,15.55,Third,man,TRUE,,Southampton,no,FALSE,male,0,1,S,0,0,1
0,3,30,0,0,7.8958,Third,man,TRUE,,Southampton,no,TRUE,male,0,1,S,0,0,1
1,1,27,0,0,30.5,First,man,TRUE,,Southampton,yes,TRUE,male,0,1,S,0,0,1
1,2,22,1,2,41.5792,Second,woman,FALSE,,Cherbourg,yes,FALSE,female,1,0,C,1,0,0
1,1,40,0,0,153.4625,First,woman,FALSE,C,Southampton,yes,TRUE,female,1,0,S,0,0,1
0,3,39,1,5,31.275,Third,woman,FALSE,,Southampton,no,FALSE,female,1,0,S,0,0,1
0,3,,0,0,7.05,Third,man,TRUE,,Southampton,no,TRUE,male,0,1,S,0,0,1
1,3,,1,0,15.5,Third,woman,FALSE,,Queenstown,yes,FALSE,female,1,0,Q,0,1,0
0,3,,0,0,7.75,Third,man,TRUE,,Queenstown,no,TRUE,male,0,1,Q,0,1,0
0,3,35,0,0,8.05,Third,man,TRUE,,Southampton,no,TRUE,male,0,1,S,0,0,1
1,2,24,1,2,65,Second,woman,FALSE,,Southampton,yes,FALSE,female,1,0,S,0,0,1
0,3,34,1,1,14.4,Third,man,TRUE,,Southampton,no,FALSE,male,0,1,S,0,0,1
0,3,26,1,0,16.1,Third,woman,FALSE,,Southampton,no,FALSE,female,1,0,S,0,0,1
1,2,4,2,1,39,Second,child,FALSE,F,Southampton,yes,FALSE,female,1,0,S,0,0,1
0,2,26,0,0,10.5,Second,man,TRUE,,Southampton,no,TRUE,male,0,1,S,0,0,1
0,3,27,1,0,14.4542,Third,man,TRUE,,Cherbourg,no,FALSE,male,0,1,C,1,0,0
1,1,42,1,0,52.5542,First,man,TRUE,D,Southampton,yes,FALSE,male,0,1,S,0,0,1
1,3,20,1,1,15.7417,Third,man,TRUE,,Cherbourg,yes,FALSE,male,0,1,C,1,0,0
0,3,21,0,0,7.8542,Third,man,TRUE,,Southampton,no,TRUE,male,0,1,S,0,0,1
0,3,21,0,0,16.1,Third,man,TRUE,,Southampton,no,TRUE,male,0,1,S,0,0,1
0,1,61,0,0,32.3208,First,man,TRUE,D,Southampton,no,TRUE,male,0,1,S,0,0,1
0,2,57,0,0,12.35,Second,man,TRUE,,Queenstown,no,TRUE,male,0,1,Q,0,1,0
1,1,21,0,0,77.9583,First,woman,FALSE,D,Southampton,yes,TRUE,female,1,0,S,0,0,1
0,3,26,0,0,7.8958,Third,man,TRUE,,Southampton,no,TRUE,male,0,1,S,0,0,1
0,3,,0,0,7.7333,Third,man,TRUE,,Queenstown,no,TRUE,male,0,1,Q,0,1,0
1,1,80,0,0,30,First,man,TRUE,A,Southampton,yes,TRUE,male,0,1,S,0,0,1
0,3,51,0,0,7.0542,Third,man,TRUE,,Southampton,no,TRUE,male,0,1,S,0,0,1
1,1,32,0,0,30.5,First,man,TRUE,B,Cherbourg,yes,TRUE,male,0,1,C,1,0,0
0,1,,0,0,0,First,man,TRUE,,Southampton,no,TRUE,male,0,1,S,0,0,1
0,3,9,3,2,27.9,Third,child,FALSE,,Southampton,no,FALSE,female,1,0,S,0,0,1
1,2,28,0,0,13,Second,woman,FALSE,,Southampton,yes,TRUE,female,1,0,S,0,0,1
0,3,32,0,0,7.925,Third,man,TRUE,,Southampton,no,TRUE,male,0,1,S,0,0,1
0,2,31,1,1,26.25,Second,man,TRUE,,Southampton,no,FALSE,male,0,1,S,0,0,1
0,3,41,0,5,39.6875,Third,woman,FALSE,,Southampton,no,FALSE,female,1,0,S,0,0,1
0,3,,1,0,16.1,Third,man,TRUE,,Southampton,no,FALSE,male,0,1,S,0,0,1
0,3,20,0,0,7.8542,Third,man,TRUE,,Southampton,no,TRUE,male,0,1,S,0,0,1
1,1,24,0,0,69.3,First,woman,FALSE,B,Cherbourg,yes,TRUE,female,1,0,C,1,0,0
0,3,2,3,2,27.9,Third,child,FALSE,,Southampton,no,FALSE,female,1,0,S,0,0,1
1,3,,0,0,56.4958,Third,man,TRUE,,Southampton,yes,TRUE,male,0,1,S,0,0,1
1,3,0.75,2,1,19.2583,Third,child,FALSE,,Cherbourg,yes,FALSE,female,1,0,C,1,0,0
1,1,48,1,0,76.7292,First,man,TRUE,D,Cherbourg,yes,FALSE,male,0,1,C,1,0,0
0,3,19,0,0,7.8958,Third,man,TRUE,,Southampton,no,TRUE,male,0,1,S,0,0,1
1,1,56,0,0,35.5,First,man,TRUE,A,Cherbourg,yes,TRUE,male,0,1,C,1,0,0
0,3,,0,0,7.55,Third,man,TRUE,,Southampton,no,TRUE,male,0,1,S,0,0,1
1,3,23,0,0,7.55,Third,woman,FALSE,,Southampton,yes,TRUE,female,1,0,S,0,0,1
0,3,,0,0,7.8958,Third,man,TRUE,,Southampton,no,TRUE,male,0,1,S,0,0,1
1,2,18,0,1,23,Second,woman,FALSE,,Southampton,yes,FALSE,female,1,0,S,0,0,1
0,3,21,0,0,8.4333,Third,man,TRUE,,Southampton,no,TRUE,male,0,1,S,0,0,1
1,3,,0,0,7.8292,Third,woman,FALSE,,Queenstown,yes,TRUE,female,1,0,Q,0,1,0
0,3,18,0,0,6.75,Third,woman,FALSE,,Queenstown,no,TRUE,female,1,0,Q,0,1,0
0,2,24,2,0,73.5,Second,man,TRUE,,Southampton,no,FALSE,male,0,1,S,0,0,1
0,3,,0,0,7.8958,Third,man,TRUE,,Southampton,no,TRUE,male,0,1,S,0,0,1
0,3,32,1,1,15.5,Third,woman,FALSE,,Queenstown,no,FALSE,female,1,0,Q,0,1,0
0,2,23,0,0,13,Second,man,TRUE,,Southampton,no,TRUE,male,0,1,S,0,0,1
0,1,58,0,2,113.275,First,man,TRUE,D,Cherbourg,no,FALSE,male,0,1,C,1,0,0
1,1,50,2,0,133.65,First,man,TRUE,,Southampton,yes,FALSE,male,0,1,S,0,0,1
0,3,40,0,0,7.225,Third,man,TRUE,,Cherbourg,no,TRUE,male,0,1,C,1,0,0
0,1,47,0,0,25.5875,First,man,TRUE,E,Southampton,no,TRUE,male,0,1,S,0,0,1
0,3,36,0,0,7.4958,Third,man,TRUE,,Southampton,no,TRUE,male,0,1,S,0,0,1
1,3,20,1,0,7.925,Third,man,TRUE,,Southampton,yes,FALSE,male,0,1,S,0,0,1
0,2,32,2,0,73.5,Second,man,TRUE,,Southampton,no,FALSE,male,0,1,S,0,0,1
0,2,25,0,0,13,Second,man,TRUE,,Southampton,no,TRUE,male,0,1,S,0,0,1
0,3,,0,0,7.775,Third,man,TRUE,,Southampton,no,TRUE,male,0,1,S,0,0,1
0,3,43,0,0,8.05,Third,man,TRUE,,Southampton,no,TRUE,male,0,1,S,0,0,1
1,1,,1,0,52,First,woman,FALSE,C,Southampton,yes,FALSE,female,1,0,S,0,0,1
1,2,40,1,1,39,Second,woman,FALSE,,Southampton,yes,FALSE,female,1,0,S,0,0,1
0,1,31,1,0,52,First,man,TRUE,B,Southampton,no,FALSE,male,0,1,S,0,0,1
0,2,70,0,0,10.5,Second,man,TRUE,,Southampton,no,TRUE,male,0,1,S,0,0,1
1,2,31,0,0,13,Second,man,TRUE,,Southampton,yes,TRUE,male,0,1,S,0,0,1
0,2,,0,0,0,Second,man,TRUE,,Southampton,no,TRUE,male,0,1,S,0,0,1
0,3,18,0,0,7.775,Third,man,TRUE,,Southampton,no,TRUE,male,0,1,S,0,0,1
0,3,24.5,0,0,8.05,Third,man,TRUE,,Southampton,no,TRUE,male,0,1,S,0,0,1
1,3,18,0,0,9.8417,Third,woman,FALSE,,Southampton,yes,TRUE,female,1,0,S,0,0,1
0,3,43,1,6,46.9,Third,woman,FALSE,,Southampton,no,FALSE,female,1,0,S,0,0,1
1,1,36,0,1,512.3292,First,man,TRUE,B,Cherbourg,yes,FALSE,male,0,1,C,1,0,0
0,3,,0,0,8.1375,Third,woman,FALSE,,Queenstown,no,TRUE,female,1,0,Q,0,1,0
1,1,27,0,0,76.7292,First,man,TRUE,D,Cherbourg,yes,TRUE,male,0,1,C,1,0,0
0,3,20,0,0,9.225,Third,man,TRUE,,Southampton,no,TRUE,male,0,1,S,0,0,1
0,3,14,5,2,46.9,Third,child,FALSE,,Southampton,no,FALSE,male,0,1,S,0,0,1
0,2,60,1,1,39,Second,man,TRUE,,Southampton,no,FALSE,male,0,1,S,0,0,1
0,2,25,1,2,41.5792,Second,man,TRUE,,Cherbourg,no,FALSE,male,0,1,C,1,0,0
0,3,14,4,1,39.6875,Third,child,FALSE,,Southampton,no,FALSE,male,0,1,S,0,0,1
0,3,19,0,0,10.1708,Third,man,TRUE,,Southampton,no,TRUE,male,0,1,S,0,0,1
0,3,18,0,0,7.7958,Third,man,TRUE,,Southampton,no,TRUE,male,0,1,S,0,0,1
1,1,15,0,1,211.3375,First,child,FALSE,B,Southampton,yes,FALSE,female,1,0,S,0,0,1
1,1,31,1,0,57,First,man,TRUE,B,Southampton,yes,FALSE,male,0,1,S,0,0,1
1,3,4,0,1,13.4167,Third,child,FALSE,,Cherbourg,yes,FALSE,female,1,0,C,1,0,0
1,3,,0,0,56.4958,Third,man,TRUE,,Southampton,yes,TRUE,male,0,1,S,0,0,1
0,3,25,0,0,7.225,Third,man,TRUE,,Cherbourg,no,TRUE,male,0,1,C,1,0,0
0,1,60,0,0,26.55,First,man,TRUE,,Southampton,no,TRUE,male,0,1,S,0,0,1
0,2,52,0,0,13.5,Second,man,TRUE,,Southampton,no,TRUE,male,0,1,S,0,0,1
0,3,44,0,0,8.05,Third,man,TRUE,,Southampton,no,TRUE,male,0,1,S,0,0,1
1,3,,0,0,7.7333,Third,woman,FALSE,,Queenstown,yes,TRUE,female,1,0,Q,0,1,0
0,1,49,1,1,110.8833,First,man,TRUE,C,Cherbourg,no,FALSE,male,0,1,C,1,0,0
0,3,42,0,0,7.65,Third,man,TRUE,F,Southampton,no,TRUE,male,0,1,S,0,0,1
1,1,18,1,0,227.525,First,woman,FALSE,C,Cherbourg,yes,FALSE,female,1,0,C,1,0,0
1,1,35,0,0,26.2875,First,man,TRUE,E,Southampton,yes,TRUE,male,0,1,S,0,0,1
0,3,18,0,1,14.4542,Third,woman,FALSE,,Cherbourg,no,FALSE,female,1,0,C,1,0,0
0,3,25,0,0,7.7417,Third,man,TRUE,,Queenstown,no,TRUE,male,0,1,Q,0,1,0
0,3,26,1,0,7.8542,Third,man,TRUE,,Southampton,no,FALSE,male,0,1,S,0,0,1
0,2,39,0,0,26,Second,man,TRUE,,Southampton,no,TRUE,male,0,1,S,0,0,1
1,2,45,0,0,13.5,Second,woman,FALSE,,Southampton,yes,TRUE,female,1,0,S,0,0,1
1,1,42,0,0,26.2875,First,man,TRUE,E,Southampton,yes,TRUE,male,0,1,S,0,0,1
1,1,22,0,0,151.55,First,woman,FALSE,,Southampton,yes,TRUE,female,1,0,S,0,0,1
1,3,,1,1,15.2458,Third,man,TRUE,,Cherbourg,yes,FALSE,male,0,1,C,1,0,0
1,1,24,0,0,49.5042,First,woman,FALSE,C,Cherbourg,yes,TRUE,female,1,0,C,1,0,0
0,1,,0,0,26.55,First,man,TRUE,C,Southampton,no,TRUE,male,0,1,S,0,0,1
1,1,48,1,0,52,First,man,TRUE,C,Southampton,yes,FALSE,male,0,1,S,0,0,1
0,3,29,0,0,9.4833,Third,man,TRUE,,Southampton,no,TRUE,male,0,1,S,0,0,1
0,2,52,0,0,13,Second,man,TRUE,,Southampton,no,TRUE,male,0,1,S,0,0,1
0,3,19,0,0,7.65,Third,man,TRUE,F,Southampton,no,TRUE,male,0,1,S,0,0,1
1,1,38,0,0,227.525,First,woman,FALSE,C,Cherbourg,yes,TRUE,female,1,0,C,1,0,0
1,2,27,0,0,10.5,Second,woman,FALSE,E,Southampton,yes,TRUE,female,1,0,S,0,0,1
0,3,,0,0,15.5,Third,man,TRUE,,Queenstown,no,TRUE,male,0,1,Q,0,1,0
0,3,33,0,0,7.775,Third,man,TRUE,,Southampton,no,TRUE,male,0,1,S,0,0,1
1,2,6,0,1,33,Second,child,FALSE,,Southampton,yes,FALSE,female,1,0,S,0,0,1
0,3,17,1,0,7.0542,Third,man,TRUE,,Southampton,no,FALSE,male,0,1,S,0,0,1
0,2,34,0,0,13,Second,man,TRUE,,Southampton,no,TRUE,male,0,1,S,0,0,1
0,2,50,0,0,13,Second,man,TRUE,,Southampton,no,TRUE,male,0,1,S,0,0,1
1,1,27,1,0,53.1,First,man,TRUE,E,Southampton,yes,FALSE,male,0,1,S,0,0,1
0,3,20,0,0,8.6625,Third,man,TRUE,,Southampton,no,TRUE,male,0,1,S,0,0,1
1,2,30,3,0,21,Second,woman,FALSE,,Southampton,yes,FALSE,female,1,0,S,0,0,1
1,3,,0,0,7.7375,Third,woman,FALSE,,Queenstown,yes,TRUE,female,1,0,Q,0,1,0
0,2,25,1,0,26,Second,man,TRUE,,Southampton,no,FALSE,male,0,1,S,0,0,1
0,3,25,1,0,7.925,Third,woman,FALSE,,Southampton,no,FALSE,female,1,0,S,0,0,1
1,1,29,0,0,211.3375,First,woman,FALSE,B,Southampton,yes,TRUE,female,1,0,S,0,0,1
0,3,11,0,0,18.7875,Third,child,FALSE,,Cherbourg,no,TRUE,male,0,1,C,1,0,0
0,2,,0,0,0,Second,man,TRUE,,Southampton,no,TRUE,male,0,1,S,0,0,1
0,2,23,0,0,13,Second,man,TRUE,,Southampton,no,TRUE,male,0,1,S,0,0,1
0,2,23,0,0,13,Second,man,TRUE,,Southampton,no,TRUE,male,0,1,S,0,0,1
0,3,28.5,0,0,16.1,Third,man,TRUE,,Southampton,no,TRUE,male,0,1,S,0,0,1
0,3,48,1,3,34.375,Third,woman,FALSE,,Southampton,no,FALSE,female,1,0,S,0,0,1
1,1,35,0,0,512.3292,First,man,TRUE,B,Cherbourg,yes,TRUE,male,0,1,C,1,0,0
0,3,,0,0,7.8958,Third,man,TRUE,,Southampton,no,TRUE,male,0,1,S,0,0,1
0,3,,0,0,7.8958,Third,man,TRUE,,Southampton,no,TRUE,male,0,1,S,0,0,1
1,1,,0,0,30,First,man,TRUE,D,Southampton,yes,TRUE,male,0,1,S,0,0,1
0,1,36,1,0,78.85,First,man,TRUE,C,Southampton,no,FALSE,male,0,1,S,0,0,1
1,1,21,2,2,262.375,First,woman,FALSE,B,Cherbourg,yes,FALSE,female,1,0,C,1,0,0
0,3,24,1,0,16.1,Third,man,TRUE,,Southampton,no,FALSE,male,0,1,S,0,0,1
1,3,31,0,0,7.925,Third,man,TRUE,,Southampton,yes,TRUE,male,0,1,S,0,0,1
0,1,70,1,1,71,First,man,TRUE,B,Southampton,no,FALSE,male,0,1,S,0,0,1
0,3,16,1,1,20.25,Third,man,TRUE,,Southampton,no,FALSE,male,0,1,S,0,0,1
1,2,30,0,0,13,Second,woman,FALSE,,Southampton,yes,TRUE,female,1,0,S,0,0,1
0,1,19,1,0,53.1,First,man,TRUE,D,Southampton,no,FALSE,male,0,1,S,0,0,1
0,3,31,0,0,7.75,Third,man,TRUE,,Queenstown,no,TRUE,male,0,1,Q,0,1,0
1,2,4,1,1,23,Second,child,FALSE,,Southampton,yes,FALSE,female,1,0,S,0,0,1
1,3,6,0,1,12.475,Third,child,FALSE,E,Southampton,yes,FALSE,male,0,1,S,0,0,1
0,3,33,0,0,9.5,Third,man,TRUE,,Southampton,no,TRUE,male,0,1,S,0,0,1
0,3,23,0,0,7.8958,Third,man,TRUE,,Southampton,no,TRUE,male,0,1,S,0,0,1
1,2,48,1,2,65,Second,woman,FALSE,,Southampton,yes,FALSE,female,1,0,S,0,0,1
1,2,0.67,1,1,14.5,Second,child,FALSE,,Southampton,yes,FALSE,male,0,1,S,0,0,1
0,3,28,0,0,7.7958,Third,man,TRUE,,Southampton,no,TRUE,male,0,1,S,0,0,1
0,2,18,0,0,11.5,Second,man,TRUE,,Southampton,no,TRUE,male,0,1,S,0,0,1
0,3,34,0,0,8.05,Third,man,TRUE,,Southampton,no,TRUE,male,0,1,S,0,0,1
1,1,33,0,0,86.5,First,woman,FALSE,B,Southampton,yes,TRUE,female,1,0,S,0,0,1
0,3,,0,0,14.5,Third,man,TRUE,,Southampton,no,TRUE,male,0,1,S,0,0,1
0,3,41,0,0,7.125,Third,man,TRUE,,Southampton,no,TRUE,male,0,1,S,0,0,1
1,3,20,0,0,7.2292,Third,man,TRUE,,Cherbourg,yes,TRUE,male,0,1,C,1,0,0
1,1,36,1,2,120,First,woman,FALSE,B,Southampton,yes,FALSE,female,1,0,S,0,0,1
0,3,16,0,0,7.775,Third,man,TRUE,,Southampton,no,TRUE,male,0,1,S,0,0,1
1,1,51,1,0,77.9583,First,woman,FALSE,D,Southampton,yes,FALSE,female,1,0,S,0,0,1
0,1,,0,0,39.6,First,man,TRUE,,Cherbourg,no,TRUE,male,0,1,C,1,0,0
0,3,30.5,0,0,7.75,Third,woman,FALSE,,Queenstown,no,TRUE,female,1,0,Q,0,1,0
0,3,,1,0,24.15,Third,man,TRUE,,Queenstown,no,FALSE,male,0,1,Q,0,1,0
0,3,32,0,0,8.3625,Third,man,TRUE,,Southampton,no,TRUE,male,0,1,S,0,0,1
0,3,24,0,0,9.5,Third,man,TRUE,,Southampton,no,TRUE,male,0,1,S,0,0,1
0,3,48,0,0,7.8542,Third,man,TRUE,,Southampton,no,TRUE,male,0,1,S,0,0,1
0,2,57,0,0,10.5,Second,woman,FALSE,E,Southampton,no,TRUE,female,1,0,S,0,0,1
0,3,,0,0,7.225,Third,man,TRUE,,Cherbourg,no,TRUE,male,0,1,C,1,0,0
1,2,54,1,3,23,Second,woman,FALSE,,Southampton,yes,FALSE,female,1,0,S,0,0,1
0,3,18,0,0,7.75,Third,man,TRUE,,Southampton,no,TRUE,male,0,1,S,0,0,1
0,3,,0,0,7.75,Third,man,TRUE,F,Queenstown,no,TRUE,male,0,1,Q,0,1,0
1,3,5,0,0,12.475,Third,child,FALSE,,Southampton,yes,TRUE,female,1,0,S,0,0,1
0,3,,0,0,7.7375,Third,man,TRUE,,Queenstown,no,TRUE,male,0,1,Q,0,1,0
1,1,43,0,1,211.3375,First,woman,FALSE,B,Southampton,yes,FALSE,female,1,0,S,0,0,1
1,3,13,0,0,7.2292,Third,child,FALSE,,Cherbourg,yes,TRUE,female,1,0,C,1,0,0
1,1,17,1,0,57,First,woman,FALSE,B,Southampton,yes,FALSE,female,1,0,S,0,0,1
0,1,29,0,0,30,First,man,TRUE,D,Southampton,no,TRUE,male,0,1,S,0,0,1
0,3,,1,2,23.45,Third,man,TRUE,,Southampton,no,FALSE,male,0,1,S,0,0,1
0,3,25,0,0,7.05,Third,man,TRUE,,Southampton,no,TRUE,male,0,1,S,0,0,1
0,3,25,0,0,7.25,Third,man,TRUE,,Southampton,no,TRUE,male,0,1,S,0,0,1
1,3,18,0,0,7.4958,Third,woman,FALSE,,Southampton,yes,TRUE,female,1,0,S,0,0,1
0,3,8,4,1,29.125,Third,child,FALSE,,Queenstown,no,FALSE,male,0,1,Q,0,1,0
1,3,1,1,2,20.575,Third,child,FALSE,,Southampton,yes,FALSE,male,0,1,S,0,0,1
0,1,46,0,0,79.2,First,man,TRUE,B,Cherbourg,no,TRUE,male,0,1,C,1,0,0
0,3,,0,0,7.75,Third,man,TRUE,,Queenstown,no,TRUE,male,0,1,Q,0,1,0
0,2,16,0,0,26,Second,man,TRUE,,Southampton,no,TRUE,male,0,1,S,0,0,1
0,3,,8,2,69.55,Third,woman,FALSE,,Southampton,no,FALSE,female,1,0,S,0,0,1
0,1,,0,0,30.6958,First,man,TRUE,,Cherbourg,no,TRUE,male,0,1,C,1,0,0
0,3,25,0,0,7.8958,Third,man,TRUE,,Southampton,no,TRUE,male,0,1,S,0,0,1
0,2,39,0,0,13,Second,man,TRUE,,Southampton,no,TRUE,male,0,1,S,0,0,1
1,1,49,0,0,25.9292,First,woman,FALSE,D,Southampton,yes,TRUE,female,1,0,S,0,0,1
1,3,31,0,0,8.6833,Third,woman,FALSE,,Southampton,yes,TRUE,female,1,0,S,0,0,1
0,3,30,0,0,7.2292,Third,man,TRUE,,Cherbourg,no,TRUE,male,0,1,C,1,0,0
0,3,30,1,1,24.15,Third,woman,FALSE,,Southampton,no,FALSE,female,1,0,S,0,0,1
0,2,34,0,0,13,Second,man,TRUE,,Southampton,no,TRUE,male,0,1,S,0,0,1
1,2,31,1,1,26.25,Second,woman,FALSE,,Southampton,yes,FALSE,female,1,0,S,0,0,1
1,1,11,1,2,120,First,child,FALSE,B,Southampton,yes,FALSE,male,0,1,S,0,0,1
1,3,0.42,0,1,8.5167,Third,child,FALSE,,Cherbourg,yes,FALSE,male,0,1,C,1,0,0
1,3,27,0,0,6.975,Third,man,TRUE,,Southampton,yes,TRUE,male,0,1,S,0,0,1
0,3,31,0,0,7.775,Third,man,TRUE,,Southampton,no,TRUE,male,0,1,S,0,0,1
0,1,39,0,0,0,First,man,TRUE,A,Southampton,no,TRUE,male,0,1,S,0,0,1
0,3,18,0,0,7.775,Third,woman,FALSE,,Southampton,no,TRUE,female,1,0,S,0,0,1
0,2,39,0,0,13,Second,man,TRUE,,Southampton,no,TRUE,male,0,1,S,0,0,1
1,1,33,1,0,53.1,First,woman,FALSE,E,Southampton,yes,FALSE,female,1,0,S,0,0,1
0,3,26,0,0,7.8875,Third,man,TRUE,,Southampton,no,TRUE,male,0,1,S,0,0,1
0,3,39,0,0,24.15,Third,man,TRUE,,Southampton,no,TRUE,male,0,1,S,0,0,1
0,2,35,0,0,10.5,Second,man,TRUE,,Southampton,no,TRUE,male,0,1,S,0,0,1
0,3,6,4,2,31.275,Third,child,FALSE,,Southampton,no,FALSE,female,1,0,S,0,0,1
0,3,30.5,0,0,8.05,Third,man,TRUE,,Southampton,no,TRUE,male,0,1,S,0,0,1
0,1,,0,0,0,First,man,TRUE,B,Southampton,no,TRUE,male,0,1,S,0,0,1
0,3,23,0,0,7.925,Third,woman,FALSE,,Southampton,no,TRUE,female,1,0,S,0,0,1
0,2,31,1,1,37.0042,Second,man,TRUE,,Cherbourg,no,FALSE,male,0,1,C,1,0,0
0,3,43,0,0,6.45,Third,man,TRUE,,Southampton,no,TRUE,male,0,1,S,0,0,1
0,3,10,3,2,27.9,Third,child,FALSE,,Southampton,no,FALSE,male,0,1,S,0,0,1
1,1,52,1,1,93.5,First,woman,FALSE,B,Southampton,yes,FALSE,female,1,0,S,0,0,1
1,3,27,0,0,8.6625,Third,man,TRUE,,Southampton,yes,TRUE,male,0,1,S,0,0,1
0,1,38,0,0,0,First,man,TRUE,,Southampton,no,TRUE,male,0,1,S,0,0,1
1,3,27,0,1,12.475,Third,woman,FALSE,E,Southampton,yes,FALSE,female,1,0,S,0,0,1
0,3,2,4,1,39.6875,Third,child,FALSE,,Southampton,no,FALSE,male,0,1,S,0,0,1
0,3,,0,0,6.95,Third,man,TRUE,,Queenstown,no,TRUE,male,0,1,Q,0,1,0
0,3,,0,0,56.4958,Third,man,TRUE,,Southampton,no,TRUE,male,0,1,S,0,0,1
1,2,1,0,2,37.0042,Second,child,FALSE,,Cherbourg,yes,FALSE,male,0,1,C,1,0,0
1,3,,0,0,7.75,Third,man,TRUE,,Queenstown,yes,TRUE,male,0,1,Q,0,1,0
1,1,62,0,0,80,First,woman,FALSE,B,,yes,TRUE,female,1,0,S,0,0,1
1,3,15,1,0,14.4542,Third,child,FALSE,,Cherbourg,yes,FALSE,female,1,0,C,1,0,0
1,2,0.83,1,1,18.75,Second,child,FALSE,,Southampton,yes,FALSE,male,0,1,S,0,0,1
0,3,,0,0,7.2292,Third,man,TRUE,,Cherbourg,no,TRUE,male,0,1,C,1,0,0
0,3,23,0,0,7.8542,Third,man,TRUE,,Southampton,no,TRUE,male,0,1,S,0,0,1
0,3,18,0,0,8.3,Third,man,TRUE,,Southampton,no,TRUE,male,0,1,S,0,0,1
1,1,39,1,1,83.1583,First,woman,FALSE,E,Cherbourg,yes,FALSE,female,1,0,C,1,0,0
0,3,21,0,0,8.6625,Third,man,TRUE,,Southampton,no,TRUE,male,0,1,S,0,0,1
0,3,,0,0,8.05,Third,man,TRUE,,Southampton,no,TRUE,male,0,1,S,0,0,1
1,3,32,0,0,56.4958,Third,man,TRUE,,Southampton,yes,TRUE,male,0,1,S,0,0,1
1,1,,0,0,29.7,First,man,TRUE,C,Cherbourg,yes,TRUE,male,0,1,C,1,0,0
0,3,20,0,0,7.925,Third,man,TRUE,,Southampton,no,TRUE,male,0,1,S,0,0,1
0,2,16,0,0,10.5,Second,man,TRUE,,Southampton,no,TRUE,male,0,1,S,0,0,1
1,1,30,0,0,31,First,woman,FALSE,,Cherbourg,yes,TRUE,female,1,0,C,1,0,0
0,3,34.5,0,0,6.4375,Third,man,TRUE,,Cherbourg,no,TRUE,male,0,1,C,1,0,0
0,3,17,0,0,8.6625,Third,man,TRUE,,Southampton,no,TRUE,male,0,1,S,0,0,1
0,3,42,0,0,7.55,Third,man,TRUE,,Southampton,no,TRUE,male,0,1,S,0,0,1
0,3,,8,2,69.55,Third,man,TRUE,,Southampton,no,FALSE,male,0,1,S,0,0,1
0,3,35,0,0,7.8958,Third,man,TRUE,,Cherbourg,no,TRUE,male,0,1,C,1,0,0
0,2,28,0,1,33,Second,man,TRUE,,Southampton,no,FALSE,male,0,1,S,0,0,1
1,1,,1,0,89.1042,First,woman,FALSE,C,Cherbourg,yes,FALSE,female,1,0,C,1,0,0
0,3,4,4,2,31.275,Third,child,FALSE,,Southampton,no,FALSE,male,0,1,S,0,0,1
0,3,74,0,0,7.775,Third,man,TRUE,,Southampton,no,TRUE,male,0,1,S,0,0,1
0,3,9,1,1,15.2458,Third,child,FALSE,,Cherbourg,no,FALSE,female,1,0,C,1,0,0
1,1,16,0,1,39.4,First,woman,FALSE,D,Southampton,yes,FALSE,female,1,0,S,0,0,1
0,2,44,1,0,26,Second,woman,FALSE,,Southampton,no,FALSE,female,1,0,S,0,0,1
1,3,18,0,1,9.35,Third,woman,FALSE,,Southampton,yes,FALSE,female,1,0,S,0,0,1
1,1,45,1,1,164.8667,First,woman,FALSE,,Southampton,yes,FALSE,female,1,0,S,0,0,1
1,1,51,0,0,26.55,First,man,TRUE,E,Southampton,yes,TRUE,male,0,1,S,0,0,1
1,3,24,0,3,19.2583,Third,woman,FALSE,,Cherbourg,yes,FALSE,female,1,0,C,1,0,0
0,3,,0,0,7.2292,Third,man,TRUE,,Cherbourg,no,TRUE,male,0,1,C,1,0,0
0,3,41,2,0,14.1083,Third,man,TRUE,,Southampton,no,FALSE,male,0,1,S,0,0,1
0,2,21,1,0,11.5,Second,man,TRUE,,Southampton,no,FALSE,male,0,1,S,0,0,1
1,1,48,0,0,25.9292,First,woman,FALSE,D,Southampton,yes,TRUE,female,1,0,S,0,0,1
0,3,,8,2,69.55,Third,woman,FALSE,,Southampton,no,FALSE,female,1,0,S,0,0,1
0,2,24,0,0,13,Second,man,TRUE,,Southampton,no,TRUE,male,0,1,S,0,0,1
1,2,42,0,0,13,Second,woman,FALSE,,Southampton,yes,TRUE,female,1,0,S,0,0,1
1,2,27,1,0,13.8583,Second,woman,FALSE,,Cherbourg,yes,FALSE,female,1,0,C,1,0,0
0,1,31,0,0,50.4958,First,man,TRUE,A,Southampton,no,TRUE,male,0,1,S,0,0,1
0,3,,0,0,9.5,Third,man,TRUE,,Southampton,no,TRUE,male,0,1,S,0,0,1
1,3,4,1,1,11.1333,Third,child,FALSE,,Southampton,yes,FALSE,male,0,1,S,0,0,1
0,3,26,0,0,7.8958,Third,man,TRUE,,Southampton,no,TRUE,male,0,1,S,0,0,1
1,1,47,1,1,52.5542,First,woman,FALSE,D,Southampton,yes,FALSE,female,1,0,S,0,0,1
0,1,33,0,0,5,First,man,TRUE,B,Southampton,no,TRUE,male,0,1,S,0,0,1
0,3,47,0,0,9,Third,man,TRUE,,Southampton,no,TRUE,male,0,1,S,0,0,1
1,2,28,1,0,24,Second,woman,FALSE,,Cherbourg,yes,FALSE,female,1,0,C,1,0,0
1,3,15,0,0,7.225,Third,child,FALSE,,Cherbourg,yes,TRUE,female,1,0,C,1,0,0
0,3,20,0,0,9.8458,Third,man,TRUE,,Southampton,no,TRUE,male,0,1,S,0,0,1
0,3,19,0,0,7.8958,Third,man,TRUE,,Southampton,no,TRUE,male,0,1,S,0,0,1
0,3,,0,0,7.8958,Third,man,TRUE,,Southampton,no,TRUE,male,0,1,S,0,0,1
1,1,56,0,1,83.1583,First,woman,FALSE,C,Cherbourg,yes,FALSE,female,1,0,C,1,0,0
1,2,25,0,1,26,Second,woman,FALSE,,Southampton,yes,FALSE,female,1,0,S,0,0,1
0,3,33,0,0,7.8958,Third,man,TRUE,,Southampton,no,TRUE,male,0,1,S,0,0,1
0,3,22,0,0,10.5167,Third,woman,FALSE,,Southampton,no,TRUE,female,1,0,S,0,0,1
0,2,28,0,0,10.5,Second,man,TRUE,,Southampton,no,TRUE,male,0,1,S,0,0,1
0,3,25,0,0,7.05,Third,man,TRUE,,Southampton,no,TRUE,male,0,1,S,0,0,1
0,3,39,0,5,29.125,Third,woman,FALSE,,Queenstown,no,FALSE,female,1,0,Q,0,1,0
0,2,27,0,0,13,Second,man,TRUE,,Southampton,no,TRUE,male,0,1,S,0,0,1
1,1,19,0,0,30,First,woman,FALSE,B,Southampton,yes,TRUE,female,1,0,S,0,0,1
0,3,,1,2,23.45,Third,woman,FALSE,,Southampton,no,FALSE,female,1,0,S,0,0,1
1,1,26,0,0,30,First,man,TRUE,C,Cherbourg,yes,TRUE,male,0,1,C,1,0,0
0,3,32,0,0,7.75,Third,man,TRUE,,Queenstown,no,TRUE,male,0,1,Q,0,1,0
